Mut,MutSpec_all,MutSpec_syn,MutSpec_AllWithoutDloop
A[A>C]A,0.0,0.0,0.0
A[A>C]C,0.001163132103202832,0.0,0.0007414116908371933
A[A>C]G,0.0,0.0,0.0
A[A>C]T,0.00011837185121090768,0.0,7.969571921051263e-05
A[A>G]A,0.008917346124555045,0.0061895323770272855,0.007837780731707471
A[A>G]C,0.01744698154804248,0.01057847351710118,0.014086822125906673
A[A>G]G,0.011711721868655245,0.012205930981270591,0.010045882910284088
A[A>G]T,0.012902531781988937,0.008815394597584314,0.011555879285524331
A[A>T]A,0.0,0.0,0.0
A[A>T]C,0.0,0.0,0.0
A[A>T]G,0.0003698438484838498,0.0,0.00024304555428106666
A[A>T]T,0.00023674370242181535,0.0,0.00023908715763153786
A[C>A]A,0.0,0.0,0.0
A[C>A]C,0.0,0.0,0.0006990453085036393
A[C>A]G,0.0,0.0,0.0
A[C>A]T,0.0,0.0,0.0
A[C>G]A,0.0032757598008569555,0.002938464865861438,0.0032988655008036913
A[C>G]C,0.0008629689797956495,0.0,0.001048567962755459
A[C>G]G,0.0026227488601632486,0.00528923675855059,0.003445997999665828
A[C>G]T,0.001337601918683257,0.0,0.0008210263690478986
A[C>T]A,0.041492957477521436,0.026446183792752945,0.034638087758438754
A[C>T]C,0.04746329388876073,0.04628082163731766,0.03984558258470744
A[C>T]G,0.05035677811513437,0.0952062616539106,0.05479136819468666
A[C>T]T,0.03344004796708142,0.05289236758550589,0.0356325444166788
A[G>A]A,0.002040409706465985,0.0023198406835748197,0.0015920038703935622
A[G>A]C,0.0016870654830239275,0.001763078919516863,0.0014563443927159152
A[G>A]G,0.0014181803475195975,0.0009831295090242732,0.0012304279124532142
A[G>A]T,0.001711409862288342,0.0019872854873166953,0.0016851985115712731
A[G>C]A,0.0,0.0,0.0
A[G>C]C,0.0,0.0,0.0
A[G>C]G,0.0,0.0,0.0
A[G>C]T,0.0,0.0,0.0
A[G>T]A,0.0019270536116623193,0.000562684761547935,0.0017595832251718318
A[G>T]C,0.00048201870943540785,0.0,0.0005825377570863661
A[G>T]G,0.00045123920148350835,0.00026713316962376715,0.00042591735431072805
A[G>T]T,0.0006305194229483366,0.0,0.0006241475968782494
A[T>A]A,0.0003459315306939457,0.0,0.0002414465703713228
A[T>A]C,0.0008629689797956495,0.003305772974094118,0.00046603020566909296
A[T>A]G,0.0001731523519331077,0.0,0.00025619461568196207
A[T>A]T,0.000574078076688093,0.0,0.0004824397199532159
A[T>C]A,0.001960278673932359,0.002356590634997787,0.001851090372846808
A[T>C]C,0.005177813878773897,0.006263569845652013,0.004194271851021836
A[T>C]G,0.0003463047038662154,0.0003390536383686275,0.00044834057744343354
A[T>C]T,0.002411127922089991,0.003111315740323876,0.0020675987997994965
A[T>G]A,0.0,0.0,0.0
A[T>G]C,0.0,0.0,0.0
A[T>G]G,0.0002597285278996615,0.0003390536383686275,0.00025619461568196207
A[T>G]T,0.0001148156153376186,0.0,6.891995999331655e-05
C[A>C]A,0.0012347094633999294,0.007212595579841712,0.0007057668980084821
C[A>C]C,0.0010700815349466055,0.0,0.000978663431905095
C[A>C]G,0.00045729980125923316,0.0,0.00029301300356439976
C[A>C]T,0.0,0.0,0.0001642052738095797
C[A>G]A,0.009054536064932816,0.009990780543928891,0.00941022530677976
C[A>G]C,0.01712130455914569,0.01133407876832269,0.014190619762623877
C[A>G]G,0.010975195230221594,0.006347084110260707,0.01040196162653619
C[A>G]T,0.011465159302999343,0.009794882886204795,0.009688111154765203
C[A>T]A,0.0,0.0,0.0
C[A>T]C,0.0,0.0,0.0
C[A>T]G,0.0,0.0,0.00029301300356439976
C[A>T]T,0.0,0.0,0.0
C[C>A]A,0.0009554299419166119,0.0,0.0005498109168006152
C[C>A]C,0.0,0.0,0.0
C[C>A]G,0.0010095108820250994,0.0,0.000978663431905095
C[C>A]T,0.0007643439535332896,0.0,0.00043690331781477454
C[C>G]A,0.0009554299419166119,0.0,0.0005498109168006152
C[C>G]C,0.0007431121770462537,0.0,0.00042923834732679604
C[C>G]G,0.0005047554410125497,0.0,0.000978663431905095
C[C>G]T,0.0002547813178444299,0.0,0.00014563443927159152
C[C>T]A,0.021974888664082076,0.028964867963491323,0.02639092400642953
C[C>T]C,0.0386418332064052,0.03966927568912942,0.042923834732679605
C[C>T]G,0.03432336998885338,0.05818160434405648,0.051216719603033305
C[C>T]T,0.02165641201677654,0.037024657309854124,0.03451536210736719
C[G>A]A,0.003451875919182598,0.003673081082326798,0.003404046719669896
C[G>A]C,0.003344004796708142,0.002404198526613904,0.00195732686381019
C[G>A]G,0.0032337628803331482,0.0032055980354852055,0.0031994766043051187
C[G>A]T,0.0012892548613814524,0.0015257413726588239,0.002184516589073873
C[G>C]A,0.0,0.0,0.0
C[G>C]C,0.0008360011991770355,0.0,0.0004893317159525475
C[G>C]G,0.0,0.0,0.00037640901227119043
C[G>C]T,0.0,0.0,0.0
C[G>T]A,0.001725937959591299,0.001652886487047059,0.0019147762798143167
C[G>T]C,0.001672002398354071,0.003111315740323876,0.0014679951478576425
C[G>T]G,0.0011759137746665995,0.0016027990177426028,0.0011292270368135713
C[G>T]T,0.0006446274306907262,0.0,0.0008738066356295491
C[T>A]A,0.00031659217010254596,0.0002567590659490577,0.0001965187614267259
C[T>A]C,0.0003877107010676107,0.0009794882886204794,0.0003946223515746351
C[T>A]G,0.0004652528412811328,0.0005749170389728901,0.000270349014338424
C[T>A]T,0.0,0.0,0.00012482951937564988
C[T>C]A,0.0011080725953589111,0.0011716663705650038,0.0012773719492737185
C[T>C]C,0.003489396309608496,0.003991876798906105,0.003946223515746351
C[T>C]G,0.0009305056825622656,0.0008623755584593352,0.000540698028676848
C[T>C]T,0.0016513603934361193,0.0016191541097603844,0.0012482951937564989
C[T>G]A,0.00031659217010254596,0.0005135181318981154,0.0001965187614267259
C[T>G]C,0.0,0.0,0.0
C[T>G]G,0.0,0.0,0.0
C[T>G]T,0.0,0.0,0.00012482951937564988
G[A>C]A,0.0,0.0,0.0
G[A>C]C,0.0,0.0,0.0
G[A>C]G,8.231396422666196e-05,0.0,0.00012294766732476068
G[A>C]T,0.0,0.0,0.0
G[A>G]A,0.00899421979804259,0.007757547245874197,0.00926891134312846
G[A>G]C,0.02304790998346535,0.04678940209487059,0.023956865260176805
G[A>G]G,0.01934378159326556,0.019486661742028486,0.01776593792842792
G[A>G]T,0.01910859883833224,0.018667894441943257,0.017556714304349328
G[A>T]A,0.00011531051023131524,0.0,8.350370579395009e-05
G[A>T]C,0.0,0.0,0.0
G[A>T]G,0.0002469418926799859,0.0,0.00018442150098714103
G[A>T]T,0.0,0.0,7.050889278855151e-05
G[C>A]A,0.0006859497018888496,0.0,0.0004448470145023159
G[C>A]C,0.0,0.0,0.0
G[C>A]G,0.0009224840818505219,0.0,0.0011811455212647698
G[C>A]T,0.0,0.0,9.267646135464916e-05
G[C>G]A,0.0027437988075553984,0.001555657870161938,0.00222423507251158
G[C>G]C,0.0023466700327776434,0.0,0.001997272310010398
G[C>G]G,0.0018449681637010438,0.0,0.002193555968063144
G[C>G]T,0.0017310142477077442,0.0,0.0016681763043836847
G[C>T]A,0.03223963598877593,0.025619740549229417,0.02780293840639475
G[C>T]C,0.05420807775716356,0.04113850812206014,0.05093044390526515
G[C>T]G,0.06388202266814864,0.038467176425822466,0.062431977552566416
G[C>T]T,0.05350407674733027,0.03254914928338824,0.04911852451796406
G[G>A]A,0.002770746831558175,0.0028454754713721523,0.0022506354888025184
G[G>A]C,0.002899235685815926,0.004175713230434675,0.002570419519595094
G[G>A]G,0.0029946311612311723,0.003997678945416142,0.002485909786924707
G[G>A]T,0.003220152767200433,0.0027838088202897836,0.002684098019992877
G[G>C]A,0.0002866289825749836,0.0006959522050724459,0.00021780343440024372
G[G>C]C,0.00026356688052872054,0.0008264432435235295,0.0003808028917918658
G[G>C]G,0.000133094718276941,0.0001537568825160055,8.722490480437567e-05
G[G>C]T,0.0,0.0,5.1617269615247626e-05
G[G>T]A,0.0008598869477249507,0.0006959522050724459,0.0007986125928008936
G[G>T]C,0.0007907006415861617,0.0,0.0007616057835837316
G[G>T]G,0.00019964207741541147,0.00046127064754801646,0.0002180622620109392
G[G>T]T,0.00016513603934361194,0.0,0.0001548518088457429
G[T>A]A,0.0002950592467683655,0.0007556052512215127,0.00020971359255109181
G[T>A]C,0.0,0.0,0.0
G[T>A]G,0.0003485607605689269,0.0,0.0003589230190360984
G[T>A]T,0.0003520005049166465,0.0,0.00021137439134019334
G[T>C]A,0.002655533220915289,0.00262276202903335,0.0027262767031641937
G[T>C]C,0.004864006977030025,0.0030751376503201098,0.005231848535341703
G[T>C]G,0.001917084183129098,0.001133407876832269,0.0016151535856624428
G[T>C]T,0.003696005301624789,0.0016791227804922504,0.004174644228968818
G[T>G]A,0.0004917654112806091,0.0,0.00041942718510218363
G[T>G]C,0.00024320034885150124,0.0013223091896376474,0.0004616336942948562
G[T>G]G,0.0015685234225601707,0.002644618379275295,0.001674974088835126
G[T>G]T,0.0008800012622916163,0.0,0.000792653967525725
T[A>C]A,0.0,0.0,0.0
T[A>C]C,0.0,0.0,0.0001812339688713139
T[A>C]G,0.0,0.0,0.0
T[A>C]T,0.00011287779904500056,0.0,0.00021399346178682836
T[A>G]A,0.007245343726200974,0.008815394597584314,0.006529667592292837
T[A>G]C,0.013911059954305872,0.0,0.011236506070021461
T[A>G]G,0.011897263296830976,0.0067102257384597025,0.01106357564952473
T[A>G]T,0.013319580287310069,0.009384129732912336,0.012126296167920275
T[A>T]A,0.0,0.0,0.0003146827755321849
T[A>T]C,0.0,0.0,0.0005437019066139417
T[A>T]G,6.721617681825412e-05,0.00039471916108586483,9.747643744074652e-05
T[A>T]T,0.0,0.0,7.133115392894279e-05
T[C>A]A,0.0002073801424315127,0.0,0.000540698028676848
T[C>A]C,0.0,0.0,0.0002127529199793685
T[C>A]G,0.0003386333971350017,0.0,0.00021091884308299463
T[C>A]T,0.0006859497018888496,0.0,0.0008686361821642856
T[C>G]A,0.0008295205697260508,0.0,0.001081396057353696
T[C>G]C,0.001163132103202832,0.0,0.0006382587599381054
T[C>G]G,0.0006772667942700034,0.004407697298792157,0.001687350744663957
T[C>G]T,0.0003429748509444248,0.0,0.0004343180910821428
T[C>T]A,0.010991147548870173,0.027648283056059896,0.03230670721344168
T[C>T]C,0.04807612693238372,0.05289236758550589,0.04148681939597686
T[C>T]G,0.06366307866138032,0.04848467028671373,0.05821360069090652
T[C>T]T,0.03223963598877593,0.026446183792752945,0.02967840289061309
T[G>A]A,0.0038478959304586837,0.004335439966025072,0.0032622114396836503
T[G>A]C,0.004256006104901271,0.005950391353369413,0.003458627311706488
T[G>A]G,0.003936754810840355,0.004577224117976471,0.003312578124619384
T[G>A]T,0.0020364873502444047,0.0034602483467153383,0.0023677341094478104
T[G>C]A,0.0,0.0,6.273483537853173e-05
T[G>C]C,0.0,0.0,0.0
T[G>C]G,0.0,0.0,5.8115405695076906e-05
T[G>C]T,0.0,0.0,6.0711131011482325e-05
T[G>T]A,0.0005496994186369548,0.001469232432930719,0.0008155528599209126
T[G>T]C,0.0,0.0,0.0005123892313639241
T[G>T]G,0.0003578868009854868,0.0003390536383686275,0.0002905770284753845
T[G>T]T,0.0005554056409757468,0.0,0.0006071113101148233
T[T>A]A,0.0005866675081944108,0.0008013995088713014,0.0005675238973676454
T[T>A]C,0.00023674370242181535,0.0,0.0002535397491982112
T[T>A]G,0.00028765632659854987,0.00026446183792752946,0.0003390289025075387
T[T>A]T,0.0004038043528100398,0.0,0.0005943300193755638
T[T>C]A,0.0010560015147499395,0.0011374702706560408,0.0011350477947352907
T[T>C]C,0.0014204622145308921,0.003606297789920856,0.001774778244387478
T[T>C]G,0.00019177088439903324,0.00026446183792752946,0.00016951445125376935
T[T>C]T,0.0003028532646075298,0.0003390536383686275,0.0005448025177609335
T[T>G]A,0.00023466700327776435,0.0,0.00012611642163725453
T[T>G]C,0.0,0.0,0.0
T[T>G]G,0.001534167075192266,0.00026446183792752946,0.001017086707522616
T[T>G]T,0.0,0.0,0.0
