Mut,MutSpec_ff,MutSpec_syn,MutSpec_all,MutSpec_allCYTB,MutSpec_D-loop,MutSpec_rRNA,MutSpec_tRNA,MutSpec_ExDloop
A[A>C]A,0.0,0.0,0.0,0.0,0.0,0.0,0.0,0.0
A[A>C]C,0.0,0.0,0.001163132103202832,0.0,0.0,0.0006809140412617137,0.0,0.0007414116908371933
A[A>C]G,0.0,0.0,0.0,0.0,0.0,0.0,0.0,0.0
A[A>C]T,0.0,0.0,0.00011837185121090768,0.0,0.0,0.0,0.0,7.969571921051263e-05
A[A>G]A,0.012381895179944596,0.0061895323770272855,0.008917346124555045,0.008523568594235762,0.004810601794252349,0.008851882536402277,0.006235568400674161,0.007837780731707471
A[A>G]C,0.016096463733927972,0.01057847351710118,0.01744698154804248,0.018751850907318676,0.0040088348285436245,0.012256452742710845,0.012996237298247199,0.014086822125906673
A[A>G]G,0.018196002481831623,0.012205930981270591,0.011711721868655245,0.007639642962240942,0.023581381344374264,0.009684110809055483,0.008492250298061001,0.010045882910284088
A[A>G]T,0.0,0.008815394597584314,0.012902531781988937,0.012932310970564605,0.0033406956904530206,0.007655682193645213,0.010288687861112367,0.011555879285524331
A[A>T]A,0.0,0.0,0.0,0.0,0.000801766965708725,0.0,0.0,0.0
A[A>T]C,0.0,0.0,0.0,0.0,0.0,0.0,0.0,0.0
A[A>T]G,0.0,0.0,0.0003698438484838498,0.0,0.0,0.0,0.0,0.00024304555428106666
A[A>T]T,0.0,0.0,0.00023674370242181535,0.0,0.0,0.000588898630280401,0.0,0.00023908715763153786
A[C>A]A,0.0,0.0,0.0,0.0,0.0032070678628349,0.0,0.0,0.0
A[C>A]C,0.0,0.0,0.0,0.0,0.0,0.0016140184681759137,0.0,0.0006990453085036393
A[C>A]G,0.0,0.0,0.0,0.0,0.0,0.0,0.0,0.0
A[C>A]T,0.0,0.0,0.0,0.0,0.0,0.0,0.0,0.0
A[C>G]A,0.003576991940872883,0.002938464865861438,0.0032757598008569555,0.0,0.00160353393141745,0.004150333203880921,0.0039195001375666155,0.0032988655008036913
A[C>G]C,0.0,0.0,0.0008629689797956495,0.0,0.0,0.0016140184681759137,0.0,0.001048567962755459
A[C>G]G,0.00643858549357119,0.00528923675855059,0.0026227488601632486,0.0037503701814637354,0.0,0.006809140412617137,0.0,0.003445997999665828
A[C>G]T,0.0,0.0,0.001337601918683257,0.0,0.001457758119470409,0.0004952102118267009,0.0,0.0008210263690478986
A[C>T]A,0.025038943586110182,0.026446183792752945,0.041492957477521436,0.11251110544391206,0.032070678628348996,0.04046574873783899,0.01959750068783308,0.034638087758438754
A[C>T]C,0.042923903290474595,0.04628082163731766,0.04746329388876073,0.0,0.011224737519922149,0.029859341661254406,0.05030025176543823,0.03984558258470744
A[C>T]G,0.11589453888428142,0.0952062616539106,0.05035677811513437,0.030002961451709883,0.016035339314174498,0.07898602878635878,0.02743650096296631,0.05479136819468666
A[C>T]T,0.0,0.05289236758550589,0.03344004796708142,0.03125308484553113,0.007288790597352044,0.03664555567517586,0.040011563904325864,0.0356325444166788
A[G>A]A,0.0027398236142856126,0.0023198406835748197,0.002040409706465985,0.0,0.0256565429026792,0.0,0.0010974600385186524,0.0015920038703935622
A[G>A]C,0.0018937016157562323,0.001763078919516863,0.0016870654830239275,0.0023439813634148344,0.004373274358411227,0.0007781874757276727,0.002385782692431853,0.0014563443927159152
A[G>A]G,0.0009755432566016955,0.0009831295090242732,0.0014181803475195975,0.0010417694948510374,0.007055549298236779,0.001071602425592205,0.0012471136801348323,0.0012304279124532142
A[G>A]T,0.0,0.0019872854873166953,0.001711409862288342,0.0006945129965673584,0.006872288277503356,0.0,0.0030485001069962565,0.0016851985115712731
A[G>C]A,0.0,0.0,0.0,0.0,0.0,0.0,0.0,0.0
A[G>C]C,0.0,0.0,0.0,0.0,0.0,0.0,0.0,0.0
A[G>C]G,0.0,0.0,0.0,0.0,0.0,0.0,0.0,0.0
A[G>C]T,0.0,0.0,0.0,0.0,0.0,0.0,0.0,0.0
A[G>T]A,0.0006849559035714031,0.000562684761547935,0.0019270536116623193,0.000986939521437825,0.002138045241889933,0.0008380480507836477,0.002194920077037305,0.0017595832251718318
A[G>T]C,0.0,0.0,0.00048201870943540785,0.0,0.0,0.0007781874757276727,0.0011928913462159265,0.0005825377570863661
A[G>T]G,0.0003251810855338985,0.00026713316962376715,0.00045123920148350835,0.0006945129965673584,0.0019242407177009397,0.0007144016170614701,0.0,0.00042591735431072805
A[G>T]T,0.0,0.0,0.0006305194229483366,0.0013890259931347167,0.0022907627591677855,0.0004952102118267009,0.0,0.0006241475968782494
A[T>A]A,0.0,0.0,0.0003459315306939457,0.0,0.0,0.0,0.0,0.0002414465703713228
A[T>A]C,0.004024115933481993,0.003305772974094118,0.0008629689797956495,0.0,0.0,0.0,0.0,0.00046603020566909296
A[T>A]G,0.0,0.0,0.0001731523519331077,0.0,0.0,0.0013618280825234274,0.0,0.00025619461568196207
A[T>A]T,0.0,0.0,0.000574078076688093,0.0,0.0,0.0008715699728149935,0.0,0.0004824397199532159
A[T>C]A,0.0034669306503844867,0.002356590634997787,0.001960278673932359,0.001500148072585494,0.0064141357256698,0.0030262846278298386,0.0009798750343916539,0.001851090372846808
A[T>C]C,0.0060361739002229905,0.006263569845652013,0.005177813878773897,0.004687962726829669,0.0,0.004035046170439784,0.0021105000740743317,0.004194271851021836
A[T>C]G,0.0004127298393314865,0.0003390536383686275,0.0003463047038662154,0.0,0.0009163051036671141,0.0,0.0011431875401235962,0.00044834057744343354
A[T>C]T,0.0,0.003111315740323876,0.002411127922089991,0.0011719906817074172,0.006108700691114095,0.0013073549592224902,0.002676731801265006,0.0020675987997994965
A[T>G]A,0.0,0.0,0.0,0.0,0.0,0.0,0.0,0.0
A[T>G]C,0.0,0.0,0.0,0.0,0.0,0.0,0.0,0.0
A[T>G]G,0.0004127298393314865,0.0003390536383686275,0.0002597285278996615,0.0005859953408537086,0.00045815255183355707,0.0,0.0011431875401235962,0.00025619461568196207
A[T>G]T,0.0,0.0,0.0001148156153376186,0.0,0.0,0.0,0.0,6.891995999331655e-05
C[A>C]A,0.008779889309415258,0.007212595579841712,0.0012347094633999294,0.0,0.0,0.0,0.0,0.0007057668980084821
C[A>C]C,0.0,0.0,0.0010700815349466055,0.0,0.0,0.0010894624660187419,0.0,0.000978663431905095
C[A>C]G,0.0,0.0,0.00045729980125923316,0.002083538989702075,0.0012334876395518847,0.0,0.0,0.00029301300356439976
C[A>C]T,0.0,0.0,0.0,0.0,0.0024669752791037693,0.0009473586661032538,0.0,0.0001642052738095797
C[A>G]A,0.01463314884902543,0.009990780543928891,0.009054536064932816,0.009375925453659338,0.005345113104724832,0.014856306354801023,0.005879250206349923,0.00941022530677976
C[A>G]C,0.016096463733927972,0.01133407876832269,0.01712130455914569,0.03750370181463735,0.016035339314174498,0.013073549592224901,0.005487300192593262,0.014190619762623877
C[A>G]G,0.007726302592285427,0.006347084110260707,0.010975195230221594,0.012501233938212451,0.007400925837311307,0.009338249708732073,0.012911294570807674,0.01040196162653619
C[A>G]T,0.0,0.009794882886204795,0.011465159302999343,0.008523568594235762,0.01110138875596696,0.009473586661032537,0.005487300192593262,0.009688111154765203
C[A>T]A,0.0,0.0,0.0,0.0,0.0,0.0,0.0,0.0
C[A>T]C,0.0,0.0,0.0,0.0,0.0,0.0,0.0,0.0
C[A>T]G,0.0,0.0,0.0,0.0,0.0,0.0,0.0016139118213509592,0.00029301300356439976
C[A>T]T,0.0,0.0,0.0,0.0,0.0,0.0,0.0,0.0
C[C>A]A,0.0,0.0,0.0009554299419166119,0.0,0.014431805382757049,0.0,0.0,0.0005498109168006152
C[C>A]C,0.0,0.0,0.0,0.0,0.0,0.0,0.0,0.0
C[C>A]G,0.0,0.0,0.0010095108820250994,0.0,0.0,0.0,0.0039195001375666155,0.000978663431905095
C[C>A]T,0.0,0.0,0.0007643439535332896,0.0,0.0,0.0,0.0,0.00043690331781477454
C[C>G]A,0.0,0.0,0.0009554299419166119,0.0031253084845531127,0.0,0.0,0.0,0.0005498109168006152
C[C>G]C,0.0,0.0,0.0007431121770462537,0.0,0.0,0.0,0.0,0.00042923834732679604
C[C>G]G,0.0,0.0,0.0005047554410125497,0.0,0.0,0.0033521922031345907,0.0,0.000978663431905095
C[C>G]T,0.0,0.0,0.0002547813178444299,0.0,0.0,0.0,0.0,0.00014563443927159152
C[C>T]A,0.03755841537916527,0.028964867963491323,0.021974888664082076,0.05313024423740292,0.009621203588504698,0.013865885931147624,0.02743650096296631,0.02639092400642953
C[C>T]C,0.07082444042928308,0.03966927568912942,0.0386418332064052,0.040629010299190464,0.05024406318441343,0.043578498640749676,0.07316400256791016,0.042923834732679605
C[C>T]G,0.07082444042928308,0.05818160434405648,0.03432336998885338,0.04821904519024803,0.028863610765514098,0.0636916518595572,0.03527550123809954,0.051216719603033305
C[C>T]T,0.0,0.037024657309854124,0.02165641201677654,0.02656512211870146,0.008017669657087249,0.031886706322499764,0.037119971891072065,0.03451536210736719
C[G>A]A,0.0060361739002229905,0.003673081082326798,0.003451875919182598,0.005625555272195603,0.010690226209449665,0.003961681694613607,0.006097000213992513,0.003404046719669896
C[G>A]C,0.0018937016157562323,0.002404198526613904,0.003344004796708142,0.007500740362927471,0.02806184379980537,0.0,0.0,0.00195732686381019
C[G>A]G,0.003902173026406782,0.0032055980354852055,0.0032337628803331482,0.0,0.0,0.003961681694613607,0.006097000213992513,0.0031994766043051187
C[G>A]T,0.0,0.0015257413726588239,0.0012892548613814524,0.0,0.0,0.004736793330516268,0.0039195001375666155,0.002184516589073873
C[G>C]A,0.0,0.0,0.0,0.0,0.0,0.0,0.0,0.0
C[G>C]C,0.0,0.0,0.0008360011991770355,0.0,0.0,0.0,0.0,0.0004893317159525475
C[G>C]G,0.0,0.0,0.0,0.0,0.0,0.0019808408473068035,0.0,0.00037640901227119043
C[G>C]T,0.0,0.0,0.0,0.0,0.0,0.0,0.0,0.0
C[G>T]A,0.0020120579667409965,0.001652886487047059,0.001725937959591299,0.0,0.010690226209449665,0.0019808408473068035,0.0,0.0019147762798143167
C[G>T]C,0.0037874032315124645,0.003111315740323876,0.001672002398354071,0.0037503701814637354,0.008017669657087249,0.0,0.0,0.0014679951478576425
C[G>T]G,0.001951086513203391,0.0016027990177426028,0.0011759137746665995,0.0017047137188471524,0.002915516238940818,0.0009904204236534017,0.0,0.0011292270368135713
C[G>T]T,0.0,0.0,0.0006446274306907262,0.0,0.0,0.0009473586661032538,0.0,0.0008738066356295491
C[T>A]A,0.0003125526938626791,0.0002567590659490577,0.00031659217010254596,0.0014424500697937444,0.0,0.0,0.0,0.0001965187614267259
C[T>A]C,0.0011923306469576276,0.0009794882886204794,0.0003877107010676107,0.0,0.0032070678628349,0.0006809140412617137,0.0,0.0003946223515746351
C[T>A]G,0.0006998462493012162,0.0005749170389728901,0.0004652528412811328,0.0,0.001886510507549941,0.0,0.0,0.000270349014338424
C[T>A]T,0.0,0.0,0.0,0.0,0.0,0.00031578622203441795,0.0,0.00012482951937564988
C[T>C]A,0.0009376580815880373,0.0011716663705650038,0.0011080725953589111,0.0014424500697937444,0.0071268174729664435,0.002136200913762239,0.0012471136801348323,0.0012773719492737185
C[T>C]C,0.00476932258783051,0.003991876798906105,0.003489396309608496,0.0023439813634148344,0.016035339314174498,0.0006809140412617137,0.01444026366471911,0.003946223515746351
C[T>C]G,0.0010497693739518242,0.0008623755584593352,0.0009305056825622656,0.0,0.005659531522649823,0.0,0.0,0.000540698028676848
C[T>C]T,0.0,0.0016191541097603844,0.0016513603934361193,0.0,0.0024669752791037693,0.0009473586661032538,0.0013718250481483155,0.0012482951937564989
C[T>G]A,0.0006251053877253582,0.0005135181318981154,0.00031659217010254596,0.002884900139587489,0.0,0.0,0.0,0.0001965187614267259
C[T>G]C,0.0,0.0,0.0,0.0,0.0,0.0,0.0,0.0
C[T>G]G,0.0,0.0,0.0,0.0,0.0,0.0,0.0,0.0
C[T>G]T,0.0,0.0,0.0,0.0,0.0,0.00031578622203441795,0.0,0.00012482951937564988
G[A>C]A,0.0,0.0,0.0,0.0,0.0,0.0,0.0,0.0
G[A>C]C,0.0,0.0,0.0,0.0,0.0,0.0,0.0,0.0
G[A>C]G,0.0,0.0,8.231396422666196e-05,0.0,0.0,0.0,0.0,0.00012294766732476068
G[A>C]T,0.0,0.0,0.0,0.0,0.0,0.0,0.0,0.0
G[A>G]A,0.006898484457397703,0.007757547245874197,0.00899421979804259,0.009375925453659338,0.03848481435401879,0.016760961015672954,0.008129333618656684,0.00926891134312846
G[A>G]C,0.08278181348877245,0.04678940209487059,0.02304790998346535,0.009375925453659338,0.009621203588504698,0.027236561650468546,0.03242495568350564,0.023956865260176805
G[A>G]G,0.023721104449999118,0.019486661742028486,0.01934378159326556,0.017144549400977076,0.018326102073342284,0.01431864955338918,0.020904000733688616,0.01776593792842792
G[A>G]T,0.0,0.018667894441943257,0.01910859883833224,0.01586695076773119,0.007349530518996645,0.015661022949019415,0.019953818882157318,0.017556714304349328
G[A>T]A,0.0,0.0,0.00011531051023131524,0.0,0.0010690226209449664,0.0,0.0,8.350370579395009e-05
G[A>T]C,0.0,0.0,0.0,0.0,0.0,0.0,0.0,0.0
G[A>T]G,0.0,0.0,0.0002469418926799859,0.0,0.0015271751727785237,0.0,0.0,0.00018442150098714103
G[A>T]T,0.0,0.0,0.0,0.0,0.0,0.0006809140412617137,0.0,7.050889278855151e-05
G[C>A]A,0.0,0.0,0.0006859497018888496,0.002083538989702075,0.0012334876395518847,0.0,0.0,0.0004448470145023159
G[C>A]C,0.0,0.0,0.0,0.0,0.0,0.0,0.0,0.0
G[C>A]G,0.0,0.0,0.0009224840818505219,0.0,0.00160353393141745,0.0,0.0,0.0011811455212647698
G[C>A]T,0.0,0.0,0.0,0.0,0.0,0.0003822675319364006,0.0,9.267646135464916e-05
G[C>G]A,0.0018937016157562323,0.001555657870161938,0.0027437988075553984,0.0,0.0,0.0020751666019404604,0.0,0.00222423507251158
G[C>G]C,0.0,0.0,0.0023466700327776434,0.001250123393821245,0.0,0.0021789249320374837,0.0,0.001997272310010398
G[C>G]G,0.0,0.0,0.0018449681637010438,0.004018253765854002,0.0064141357256698,0.0022936051916184036,0.0068591252407415775,0.002193555968063144
G[C>G]T,0.0,0.0,0.0017310142477077442,0.0014424500697937444,0.0,0.0015290701277456025,0.002032333404664171,0.0016681763043836847
G[C>T]A,0.035980330699368415,0.025619740549229417,0.03223963598877593,0.02291892888672283,0.019735802232830155,0.019714082718434375,0.030180151059262944,0.02780293840639475
G[C>T]C,0.05150868394856952,0.04113850812206014,0.05420807775716356,0.05500542932813478,0.0,0.053383660834918356,0.059861456646471946,0.05093044390526515
G[C>T]G,0.046826076316881377,0.038467176425822466,0.06388202266814864,0.05625555272195603,0.020845941108426847,0.07568897132340734,0.04801387668519104,0.062431977552566416
G[C>T]T,0.0,0.03254914928338824,0.05350407674733027,0.043273502093812324,0.011581078393570471,0.04243169604494047,0.06198616884225721,0.04911852451796406
G[G>A]A,0.004659502659821256,0.0028454754713721523,0.002770746831558175,0.0026165373359049314,0.015367200176083895,0.0007781874757276727,0.0,0.0022506354888025184
G[G>A]C,0.0060361739002229905,0.004175713230434675,0.002899235685815926,0.000750074036292747,0.033216060007932896,0.0026411211297424045,0.0,0.002570419519595094
G[G>A]G,0.004866372756768922,0.003997678945416142,0.0029946311612311723,0.002960818564313475,0.013744576555006712,0.0015344541774911858,0.003345914751581257,0.002485909786924707
G[G>A]T,0.0,0.0027838088202897836,0.003220152767200433,0.005625555272195603,0.016035339314174498,0.0013618280825234274,0.004449162318318861,0.002684098019992877
G[G>C]A,0.0008471823017856827,0.0006959522050724459,0.0002866289825749836,0.00043608955598415527,0.0,0.0,0.0,0.00021780343440024372
G[G>C]C,0.0010060289833704983,0.0008264432435235295,0.00026356688052872054,0.0,0.0,0.0,0.0,0.0003808028917918658
G[G>C]G,0.00018716818295265087,0.0001537568825160055,0.000133094718276941,0.0,0.0,0.0,0.0,8.722490480437567e-05
G[G>C]T,0.0,0.0,0.0,0.0,0.001173317510793256,0.0,0.0,5.1617269615247626e-05
G[G>T]A,0.0008471823017856827,0.0006959522050724459,0.0008598869477249507,0.00043608955598415527,0.000668139138090604,0.0,0.0034295626203707887,0.0007986125928008936
G[G>T]C,0.0,0.0,0.0007907006415861617,0.002250222108878241,0.0022907627591677855,0.0006602802824356011,0.0,0.0007616057835837316
G[G>T]G,0.0005615045488579526,0.00046127064754801646,0.00019964207741541147,0.0004934697607189125,0.0025452919546308725,0.00030689083549823715,0.0006691829503162515,0.0002180622620109392
G[G>T]T,0.0,0.0,0.00016513603934361194,0.0,0.0019555291846554265,0.00027236561650468546,0.0,0.0001548518088457429
G[T>A]A,0.0009197979276530271,0.0007556052512215127,0.0002950592467683655,0.0,0.0011878029121610738,0.0,0.0,0.00020971359255109181
G[T>A]C,0.0,0.0,0.0,0.0,0.0,0.0,0.0,0.0
G[T>A]G,0.0,0.0,0.0003485607605689269,0.0012097968327302372,0.0,0.00039616816946136065,0.0,0.0003589230190360984
G[T>A]T,0.0,0.0,0.0003520005049166465,0.0,0.0,0.0,0.0,0.00021137439134019334
G[T>C]A,0.0027593937829590814,0.00262276202903335,0.002655533220915289,0.0,0.005939014560805369,0.0037201157376249724,0.002613000091711077,0.0027262767031641937
G[T>C]C,0.003219292746785595,0.0030751376503201098,0.004864006977030025,0.003309150160115061,0.0128282714513396,0.010116437184459747,0.0018291000641977538,0.005231848535341703
G[T>C]G,0.0013796968914795407,0.001133407876832269,0.001917084183129098,0.0006048984163651186,0.0071268174729664435,0.0007923363389227213,0.0010974600385186524,0.0016151535856624428
G[T>C]T,0.0,0.0016791227804922504,0.003696005301624789,0.002083538989702075,0.017037548021310404,0.005966103980578825,0.0037657942498189054,0.004174644228968818
G[T>G]A,0.0,0.0,0.0004917654112806091,0.0,0.0,0.0,0.0013065000458555385,0.00041942718510218363
G[T>G]C,0.0016096463733927975,0.0013223091896376474,0.00024320034885150124,0.0011030500533716868,0.0,0.0007781874757276727,0.0,0.0004616336942948562
G[T>G]G,0.003219292746785595,0.002644618379275295,0.0015685234225601707,0.0006048984163651186,0.0010690226209449664,0.0007923363389227213,0.0010974600385186524,0.001674974088835126
G[T>G]T,0.0,0.0,0.0008800012622916163,0.0,0.0005011043535679531,0.0010375833009702302,0.0,0.000792653967525725
T[A>C]A,0.0,0.0,0.0,0.0,0.0,0.0,0.0,0.0
T[A>C]C,0.0,0.0,0.0,0.0,0.005063791362370894,0.0006052569255659677,0.0,0.0001812339688713139
T[A>C]G,0.0,0.0,0.0,0.0,0.0,0.0,0.0,0.0
T[A>C]T,0.0,0.0,0.00011287779904500056,0.0,0.0,0.0004111179117051856,0.0,0.00021399346178682836
T[A>G]A,0.008521657270903045,0.008815394597584314,0.007245343726200974,0.002960818564313475,0.002672556552362416,0.0054473123300937095,0.008442000296297327,0.006529667592292837
T[A>G]C,0.0,0.0,0.013911059954305872,0.0062506169691062255,0.0590775658943271,0.011499881585753387,0.005226000183422154,0.011236506070021461
T[A>G]G,0.008168354730650017,0.0067102257384597025,0.011897263296830976,0.009122522063019898,0.01679892690056376,0.007626237262131193,0.010552500370371658,0.01106357564952473
T[A>G]T,0.0,0.009384129732912336,0.013319580287310069,0.016777971864443027,0.0020044174142718123,0.00945571196921927,0.01200346917129776,0.012126296167920275
T[A>T]A,0.0,0.0,0.0,0.0,0.0017817043682416109,0.0,0.0021105000740743317,0.0003146827755321849
T[A>T]C,0.0,0.0,0.0,0.0,0.0,0.001815770776697903,0.0,0.0005437019066139417
T[A>T]G,0.0004804914547441186,0.00039471916108586483,6.721617681825412e-05,0.0,0.0,0.0,0.0010552500370371659,9.747643744074652e-05
T[A>T]T,0.0,0.0,0.0,0.0,0.0,0.0004111179117051856,0.0,7.133115392894279e-05
T[C>A]A,0.0,0.0,0.0002073801424315127,0.001250123393821245,0.0,0.0,0.0013718250481483155,0.000540698028676848
T[C>A]C,0.0,0.0,0.0,0.0,0.0,0.0007513534248405116,0.0,0.0002127529199793685
T[C>A]G,0.0,0.0,0.0003386333971350017,0.002083538989702075,0.008017669657087249,0.0,0.0,0.00021091884308299463
T[C>A]T,0.0,0.0,0.0006859497018888496,0.002083538989702075,0.0017817043682416109,0.0004272401827524478,0.0008850484181602034,0.0008686361821642856
T[C>G]A,0.0,0.0,0.0008295205697260508,0.0,0.0017817043682416109,0.0007513534248405116,0.002743650096296631,0.001081396057353696
T[C>G]C,0.0,0.0,0.001163132103202832,0.0,0.0,0.0,0.0,0.0006382587599381054
T[C>G]G,0.005365487911309324,0.004407697298792157,0.0006772667942700034,0.0,0.0,0.005229419836889961,0.0,0.001687350744663957
T[C>G]T,0.0,0.0,0.0003429748509444248,0.0,0.0,0.0004272401827524478,0.0,0.0004343180910821428
T[C>T]A,0.021461951645237298,0.027648283056059896,0.010991147548870173,0.033753331633173615,0.024943861155382552,0.029302783568779953,0.02606467591481799,0.03230670721344168
T[C>T]C,0.06438585493571189,0.05289236758550589,0.04807612693238372,0.05625555272195603,0.02061686483251007,0.03456225754266354,0.05030025176543823,0.04148681939597686
T[C>T]G,0.05902036702440257,0.04848467028671373,0.06366307866138032,0.06042263070136018,0.026725565523624165,0.052294198368899605,0.06401850224692139,0.05821360069090652
T[C>T]T,0.0,0.026446183792752945,0.03223963598877593,0.027086006866126975,0.05701453978373155,0.03033405297542379,0.03186174305376733,0.02967840289061309
T[G>A]A,0.006706859889136656,0.004335439966025072,0.0038478959304586837,0.0022061001067433736,0.007696962870803759,0.0031775988592213306,0.0017700968363204069,0.0032622114396836503
T[G>A]C,0.008584780658094919,0.005950391353369413,0.004256006104901271,0.0,0.017037548021310404,0.0016760961015672953,0.005487300192593262,0.003458627311706488
T[G>A]G,0.005571852830975068,0.004577224117976471,0.003936754810840355,0.002929976704268543,0.015662424446403,0.0015027068496810232,0.0030485001069962565,0.003312578124619384
T[G>A]T,0.0,0.0034602483467153383,0.0020364873502444047,0.001757986022561126,0.008552180967559731,0.00214320485118441,0.0034295626203707887,0.0023677341094478104
T[G>C]A,0.0,0.0,0.0,0.0,0.0,0.00045394269417447575,0.0,6.273483537853173e-05
T[G>C]C,0.0,0.0,0.0,0.0,0.0,0.0,0.0,0.0
T[G>C]G,0.0,0.0,0.0,0.0,0.00037291486777149996,0.0,0.0007621250267490641,5.8115405695076906e-05
T[G>C]T,0.0,0.0,0.0,0.0,0.0007126817472966444,0.0,0.0,6.0711131011482325e-05
T[G>T]A,0.0017884959704364415,0.001469232432930719,0.0005496994186369548,0.0,0.0012828271451339598,0.0009078853883489515,0.0026551452544806104,0.0008155528599209126
T[G>T]C,0.0,0.0,0.0,0.0,0.0,0.0005586987005224317,0.0036582001283955077,0.0005123892313639241
T[G>T]G,0.0004127298393314865,0.0003390536383686275,0.0003578868009854868,0.0,0.0018645743388574997,0.0,0.0007621250267490641,0.0002905770284753845
T[G>T]T,0.0,0.0,0.0005554056409757468,0.0,0.0003563408736483222,0.0007144016170614701,0.0008573906550926972,0.0006071113101148233
T[T>A]A,0.0009755432566016955,0.0008013995088713014,0.0005866675081944108,0.0,0.0,0.0005659545278019439,0.00045727501604943846,0.0005675238973676454
T[T>A]C,0.0,0.0,0.00023674370242181535,0.0,0.0,0.00046360104936967735,0.0,0.0002535397491982112
T[T>A]G,0.0003219292746785595,0.00026446183792752946,0.00028765632659854987,0.0,0.0010022087071359061,0.00027934935026121584,0.001167510679275162,0.0003390289025075387
T[T>A]T,0.0,0.0,0.0004038043528100398,0.0,0.0,0.0009641260761227803,0.0010552500370371659,0.0005943300193755638
T[T>C]A,0.001300724342135594,0.0011374702706560408,0.0010560015147499395,0.0,0.010484644936191018,0.0014148863195048594,0.0013718250481483155,0.0011350477947352907
T[T>C]C,0.007429137107966758,0.003606297789920856,0.0014204622145308921,0.0018751850907318677,0.006013252242815437,0.0032452073455877415,0.0010974600385186524,0.001774778244387478
T[T>C]G,0.0003219292746785595,0.00026446183792752946,0.00019177088439903324,0.0,0.0015033130607038593,0.00027934935026121584,0.0,0.00016951445125376935
T[T>C]T,0.0,0.0003390536383686275,0.0003028532646075298,0.0,0.0005345113104724832,0.00038565043044911214,0.0007035000246914438,0.0005448025177609335
T[T>G]A,0.0,0.0,0.00023466700327776435,0.0018751850907318677,0.0,0.0,0.0,0.00012611642163725453
T[T>G]C,0.0,0.0,0.0,0.0,0.0,0.0,0.0,0.0
T[T>G]G,0.0003219292746785595,0.00026446183792752946,0.001534167075192266,0.0,0.0030066261214077186,0.0,0.001167510679275162,0.001017086707522616
T[T>G]T,0.0,0.0,0.0,0.0,0.0,0.0,0.0,0.0
