Mut,ObsNum_x,ExpNum_x,RawMutSpec,MutSpec_x,TBSS,GeneName,Cxt,MutBase,ObsNum_y,ExpNum_y,MutSpec_y,Asymmetry
T[T>C]T,32,4.0,8.0,0.001202276782999786,1710.210530352418,COX1,TTT,T>C,347,6.0,0.008691459243769286,0.138328530259366
G[T>C]T,521,6.0,86.83333333333333,0.01304971258214351,1710.210530352418,COX1,GTT,T>C,212,3.0,0.010620111583164778,1.22877358490566
C[T>C]T,325,8.0,40.625,0.006105311788670789,1710.210530352418,COX1,CTT,T>C,720,7.0,0.015457844352854393,0.3949652777777778
A[T>C]T,64,3.0,21.333333333333332,0.0032060714213327625,1710.210530352418,COX1,ATT,T>C,705,6.0,0.017658440250309358,0.18156028368794325
G[C>T]T,528,3.0,176.0,0.026450089225995295,1710.210530352418,COX1,GCT,C>T,193,9.0,0.0032227697099855373,8.207253886010363
G[T>G]G,7,7.0,1.0,0.00015028459787497326,1710.210530352418,COX1,GTG,T>G,17,3.0,0.0008516127212915152,0.1764705882352941
C[T>G]G,41,18.0,2.2777777777777777,0.00034231491738188354,1710.210530352418,COX1,CTG,T>G,37,12.0,0.0004633775101145009,0.7387387387387387
T[T>C]G,232,6.0,38.666666666666664,0.0058110044511656325,1710.210530352418,COX1,TTG,T>C,512,9.0,0.008549523790220701,0.6796875
G[T>C]G,377,7.0,53.857142857142854,0.008093899056980701,1710.210530352418,COX1,GTG,T>C,162,3.0,0.008115368285248555,0.9973544973544973
C[T>C]G,266,18.0,14.777777777777779,0.0022208723908190495,1710.210530352418,COX1,CTG,T>C,465,12.0,0.005823528167655214,0.3813620071684588
A[T>C]G,255,11.0,23.181818181818183,0.0034838702234652893,1710.210530352418,COX1,ATG,T>C,161,4.0,0.006048955064467673,0.5759457933370977
G[T>A]G,19,7.0,2.7142857142857144,0.00040791533708921316,1710.210530352418,COX1,GTG,T>A,10,3.0,0.0005009486595832442,0.8142857142857143
C[T>A]G,19,18.0,1.0555555555555556,0.00015863374220136066,1710.210530352418,COX1,CTG,T>A,18,12.0,0.00022542689681245989,0.7037037037037037
A[C>T]G,268,2.0,134.0,0.020138136115246418,1710.210530352418,COX1,ACG,C>T,155,7.0,0.003327730381517265,6.051612903225807
C[T>G]C,6,11.0,0.5454545454545454,8.197341702271268e-05,1710.210530352418,COX1,CTC,T>G,5,6.0,0.00012523716489581106,0.6545454545454544
T[T>C]C,310,10.0,31.0,0.004658822534124171,1710.210530352418,COX1,TTC,T>C,574,11.0,0.007842123561839514,0.5940766550522648
C[T>C]C,610,16.0,38.125,0.0057296002939833555,1710.210530352418,COX1,CTC,T>C,776,6.0,0.019436807991829876,0.29478092783505155
C[T>A]C,10,11.0,0.9090909090909091,0.00013662236170452113,1710.210530352418,COX1,CTC,T>A,15,6.0,0.00037571149468743314,0.3636363636363636
G[T>G]A,32,6.0,5.333333333333333,0.0008015178553331906,1710.210530352418,COX1,GTA,T>G,4,2.0,0.0003005691957499465,2.6666666666666665
C[T>G]A,25,16.0,1.5625,0.0002348196841796457,1710.210530352418,COX1,CTA,T>G,8,9.0,0.00013358630922219846,1.7578124999999998
T[T>C]A,590,26.0,22.692307692307693,0.003410304336393624,1710.210530352418,COX1,TTA,T>C,465,7.0,0.009983191144551795,0.34160463192721263
G[T>C]A,417,10.0,41.7,0.006266867731386385,1710.210530352418,COX1,GTA,T>C,247,2.0,0.018560147837559198,0.3376518218623482
C[T>C]A,793,26.0,30.5,0.004583680235186684,1710.210530352418,COX1,CTA,T>C,397,9.0,0.006629220595151599,0.6914357682619646
A[T>C]A,418,20.0,20.9,0.003140948095586941,1710.210530352418,COX1,ATA,T>C,710,6.0,0.017783677415205167,0.17661971830985917
T[T>A]A,10,13.0,0.7692307692307693,0.00011560353682690251,1710.210530352418,COX1,TTA,T>A,10,3.0,0.0005009486595832442,0.23076923076923075
C[T>A]A,26,16.0,1.625,0.00024421247154683153,1710.210530352418,COX1,CTA,T>A,6,9.0,0.00010018973191664883,2.4375
T[C>T]A,621,4.0,155.25,0.0233316838200896,1710.210530352418,COX1,TCA,C>T,461,22.0,0.003149145437289212,7.4088937093275495
G[C>T]A,429,3.0,143.0,0.021490697496121175,1710.210530352418,COX1,GCA,C>T,230,8.0,0.004320682188905481,4.9739130434782615
C[C>T]A,801,5.0,160.2,0.024075592579570714,1710.210530352418,COX1,CCA,C>T,377,13.0,0.004358253338374225,5.524137931034482
A[C>T]A,388,2.0,194.0,0.029155211987744813,1710.210530352418,COX1,ACA,C>T,670,16.0,0.006293167536014505,4.632835820895522
G[C>G]A,2,2.0,1.0,0.00015028459787497326,1710.210530352418,COX1,GCA,C>G,6,7.0,0.00012881536960711993,1.1666666666666667
C[C>G]A,5,3.0,1.6666666666666667,0.0002504743297916221,1710.210530352418,COX1,CCA,C>G,8,13.0,9.248282946152201e-05,2.7083333333333335
C[C>A]A,6,3.0,2.0,0.0003005691957499465,1710.210530352418,COX1,CCA,C>A,7,13.0,8.092247577883175e-05,3.7142857142857144
T[T>C]T,40,9.0,4.444444444444445,0.0016583987929017197,11348.358664616737,ND4,TTT,T>C,205,9.0,0.008499293813621314,0.19512195121951217
C[T>C]T,11,4.0,2.75,0.001026134253107939,11348.358664616737,ND4,CTT,T>C,834,11.0,0.02829077577163706,0.03627098321342926
A[T>C]T,229,2.0,114.5,0.04272449890213055,11348.358664616737,ND4,ATT,T>C,442,2.0,0.08246387997703801,0.5180995475113122
T[T>C]G,44,18.0,2.4444444444444446,0.0009121193360959459,11348.358664616737,ND4,TTG,T>C,140,3.0,0.017413187325468055,0.05238095238095239
C[T>C]G,31,10.0,3.1,0.0011567331580489494,11348.358664616737,ND4,CTG,T>C,2,3.0,0.0002487598189352579,4.65
A[T>C]G,65,7.0,9.285714285714286,0.003464868906598236,11348.358664616737,ND4,ATG,T>C,37,2.0,0.0069030849754534085,0.5019305019305019
C[T>G]C,2,2.0,1.0,0.0003731397284028869,11348.358664616737,ND4,CTC,T>G,2,8.0,9.328493210072173e-05,4.0
T[T>C]C,2,3.0,0.6666666666666666,0.0002487598189352579,11348.358664616737,ND4,TTC,T>C,144,8.0,0.006716515111251964,0.037037037037037035
C[T>C]C,47,5.0,9.4,0.0035075134469871373,11348.358664616737,ND4,CTC,T>C,222,8.0,0.010354627463180112,0.3387387387387388
A[C>T]C,5,2.0,2.5,0.0009328493210072174,11348.358664616737,ND4,ACC,C>T,110,13.0,0.0031573361634090434,0.29545454545454547
T[T>C]A,171,26.0,6.576923076923077,0.002454111290649756,11348.358664616737,ND4,TTA,T>C,262,15.0,0.006517507256103758,0.376541397533764
C[T>C]A,74,16.0,4.625,0.0017257712438633521,11348.358664616737,ND4,CTA,T>C,103,6.0,0.006405565337582892,0.26941747572815533
A[T>C]A,21,17.0,1.2352941176470589,0.0004609373115565074,11348.358664616737,ND4,ATA,T>C,24,2.0,0.0044776767408346435,0.10294117647058823
T[T>A]A,11,15.0,0.7333333333333333,0.0002736358008287837,11348.358664616737,ND4,TTA,T>A,10,3.0,0.0012437990946762899,0.21999999999999995
T[C>T]A,173,3.0,57.666666666666664,0.02151772433789981,11348.358664616737,ND4,TCA,C>T,253,31.0,0.0030453016543848517,7.065876152832673
G[C>T]A,201,2.0,100.5,0.03750054270449014,11348.358664616737,ND4,GCA,C>T,49,6.0,0.0030473077819569098,12.306122448979593
C[C>T]A,71,3.0,23.666666666666668,0.008830973572201658,11348.358664616737,ND4,CCA,C>T,102,14.0,0.002718589449792462,3.248366013071896
T[C>G]A,2,3.0,0.6666666666666666,0.0002487598189352579,11348.358664616737,ND4,TCA,C>G,3,16.0,6.99636990755413e-05,3.555555555555555
T[T>C]T,4,20.0,0.2,9.18431727691589e-05,14211.97498940229,ND5,TTT,T>C,224,4.0,0.025716088375364494,0.0035714285714285713
G[T>C]T,1110,11.0,100.9090909090909,0.04633905535171199,14211.97498940229,ND5,GTT,T>C,51,3.0,0.007806669685378507,5.935828877005347
C[T>C]T,6,8.0,0.75,0.0003444118978843459,14211.97498940229,ND5,CTT,T>C,109,11.0,0.004550411741744691,0.07568807339449542
A[T>C]T,15,6.0,2.5,0.0011480396596144863,14211.97498940229,ND5,ATT,T>C,162,6.0,0.012398828323836451,0.0925925925925926
G[C>T]T,1145,3.0,381.6666666666667,0.17526738803447825,14211.97498940229,ND5,GCT,C>T,40,7.0,0.002624090650547397,66.79166666666667
T[T>C]G,101,19.0,5.315789473684211,0.0024410948551802764,14211.97498940229,ND5,TTG,T>C,25,3.0,0.003826798865381621,0.6378947368421053
A[T>C]G,265,12.0,22.083333333333332,0.010141016993261295,14211.97498940229,ND5,ATG,T>C,122,4.0,0.014006083847296734,0.7240437158469945
C[T>A]G,8,22.0,0.36363636363636365,0.0001669875868530162,14211.97498940229,ND5,CTG,T>A,9,2.0,0.0020664713873060755,0.0808080808080808
T[C>T]G,102,2.0,51.0,0.023420009056135522,14211.97498940229,ND5,TCG,C>T,24,15.0,0.0007347453821532712,31.875
T[T>C]C,2,6.0,0.3333333333333333,0.00015307195461526483,14211.97498940229,ND5,TTC,T>C,62,9.0,0.003163487062048807,0.04838709677419354
G[T>C]C,88,6.0,14.666666666666666,0.006735166003071653,14211.97498940229,ND5,GTC,T>C,202,4.0,0.023190401124212622,0.29042904290429045
C[T>C]C,21,6.0,3.5,0.001607255523460281,14211.97498940229,ND5,CTC,T>C,34,6.0,0.0026022232284595025,0.6176470588235294
A[T>C]C,2,6.0,0.3333333333333333,0.00015307195461526483,14211.97498940229,ND5,ATC,T>C,264,4.0,0.03030824701382244,0.00505050505050505
T[T>C]A,20,25.0,0.8,0.0003673726910766356,14211.97498940229,ND5,TTA,T>C,212,24.0,0.004056406797304519,0.09056603773584905
G[T>C]A,295,15.0,19.666666666666668,0.009031245322300626,14211.97498940229,ND5,GTA,T>C,163,2.0,0.037426092903432254,0.24130879345603273
C[T>C]A,224,28.0,8.0,0.0036737269107663564,14211.97498940229,ND5,CTA,T>C,68,13.0,0.0024020522108856943,1.5294117647058825
A[T>C]A,196,12.0,16.333333333333332,0.007500525776147977,14211.97498940229,ND5,ATA,T>C,314,6.0,0.02403229687459658,0.31210191082802546
C[T>A]A,2,17.0,0.11764705882352941,5.402539574656406e-05,14211.97498940229,ND5,CTA,T>A,79,13.0,0.0027906194802936744,0.0193596425912137
T[C>T]A,18,2.0,9.0,0.004132942774612151,14211.97498940229,ND5,TCA,C>T,198,35.0,0.0025978497440419233,1.590909090909091
G[C>T]A,293,4.0,73.25,0.03363756202670445,14211.97498940229,ND5,GCA,C>T,173,9.0,0.008827149382813605,3.810693641618497
A[C>T]A,219,6.0,36.5,0.0167613790303715,14211.97498940229,ND5,ACA,C>T,330,18.0,0.008418957503839565,1.9909090909090912
T[T>C]T,259,9.0,28.77777777777778,0.006294577547813767,19131.641466298777,CYTB,TTT,T>C,55,2.0,0.00601508858333555,1.0464646464646465
C[T>C]T,189,2.0,94.5,0.020670031677280345,19131.641466298777,CYTB,CTT,T>C,1103,8.0,0.030157466851905054,0.685403445149592
A[T>C]T,402,5.0,80.4,0.017585931712733757,19131.641466298777,CYTB,ATT,T>C,896,9.0,0.021775835841085465,0.8075892857142859
T[T>C]G,45,15.0,3.0,0.0006561914818184237,19131.641466298777,CYTB,TTG,T>C,94,7.0,0.002937238061472944,0.22340425531914895
T[T>C]C,9,6.0,1.5,0.00032809574090921184,19131.641466298777,CYTB,TTC,T>C,89,9.0,0.0021630015511792484,0.15168539325842698
C[T>C]C,127,8.0,15.875,0.0034723465912891585,19131.641466298777,CYTB,CTC,T>C,143,2.0,0.015639230316672432,0.222027972027972
C[C>T]C,137,2.0,68.5,0.014983038834854006,19131.641466298777,CYTB,CCC,C>T,122,14.0,0.001906080018615421,7.860655737704918
T[T>C]A,46,16.0,2.875,0.0006288501700759893,19131.641466298777,CYTB,TTA,T>C,82,7.0,0.0025622715004338446,0.2454268292682927
C[T>C]A,42,13.0,3.230769230769231,0.00070666774965061,19131.641466298777,CYTB,CTA,T>C,130,4.0,0.007108741053032923,0.09940828402366864
A[T>C]A,121,13.0,9.307692307692308,0.002035876135898186,19131.641466298777,CYTB,ATA,T>C,19,3.0,0.0013852931282833387,1.4696356275303646
T[C>T]A,46,3.0,15.333333333333334,0.00335386757373861,19131.641466298777,CYTB,TCA,C>T,78,17.0,0.0010035869721928832,3.3418803418803424
T[T>C]T,20,15.0,1.3333333333333333,0.00041871889209430527,5928.596832183462,COX2&ATP6&8,TTT,T>C,69,5.0,0.004333740533176061,0.09661835748792268
C[T>C]T,191,8.0,23.875,0.007497685161563654,5928.596832183462,COX2&ATP6&8,CTT,T>C,423,9.0,0.014759840946324262,0.5079787234042553
A[T>C]T,411,6.0,68.5,0.021511683081344934,5928.596832183462,COX2&ATP6&8,ATT,T>C,577,6.0,0.03020010009230177,0.7123050259965338
G[C>T]T,738,2.0,369.0,0.115880453387099,5928.596832183462,COX2&ATP6&8,GCT,C>T,28,5.0,0.0017586193467960822,65.89285714285715
C[C>T]T,193,2.0,96.5,0.030304779815325346,5928.596832183462,COX2&ATP6&8,CCT,C>T,393,39.0,0.0031645485498665764,9.576335877862595
T[T>C]G,73,15.0,4.866666666666666,0.0015283239561442142,5928.596832183462,COX2&ATP6&8,TTG,T>C,2,8.0,7.850979226768225e-05,19.466666666666665
A[T>C]G,291,7.0,41.57142857142857,0.01305505688565459,5928.596832183462,COX2&ATP6&8,ATG,T>C,39,5.0,0.002449505518751686,5.329670329670329
G[T>G]C,14,7.0,2.0,0.000628078338141458,5928.596832183462,COX2&ATP6&8,GTC,T>G,2,3.0,0.00020935944604715264,3.0000000000000004
T[T>C]C,36,4.0,9.0,0.002826352521636561,5928.596832183462,COX2&ATP6&8,TTC,T>C,31,13.0,0.0007488626339378922,3.774193548387097
G[T>C]C,79,8.0,9.875,0.0031011367945734487,5928.596832183462,COX2&ATP6&8,GTC,T>C,33,3.0,0.003454430859778019,0.8977272727272727
C[T>C]C,42,5.0,8.4,0.0026379290201941235,5928.596832183462,COX2&ATP6&8,CTC,T>C,78,5.0,0.004899011037503372,0.5384615384615385
G[C>T]C,89,2.0,44.5,0.01397474302364744,5928.596832183462,COX2&ATP6&8,GCC,C>T,28,6.0,0.0014655161223300686,9.535714285714285
T[T>C]A,13,28.0,0.4642857142857143,0.0001458038999256956,5928.596832183462,COX2&ATP6&8,TTA,T>C,57,18.0,0.000994457368723975,0.14661654135338348
A[T>C]A,172,13.0,13.23076923076923,0.004154979775397337,5928.596832183462,COX2&ATP6&8,ATA,T>C,150,3.0,0.01570195845353645,0.2646153846153846
T[C>T]A,12,6.0,2.0,0.000628078338141458,5928.596832183462,COX2&ATP6&8,TCA,C>T,56,27.0,0.0006513404988133638,0.9642857142857143
G[C>T]A,194,8.0,24.25,0.007615449849965178,5928.596832183462,COX2&ATP6&8,GCA,C>T,37,3.0,0.003873149751872324,1.9662162162162162
A[C>T]A,167,2.0,83.5,0.026222270617405872,5928.596832183462,COX2&ATP6&8,ACA,C>T,128,14.0,0.0028712152600752364,9.1328125
G[C>G]A,2,4.0,0.5,0.0001570195845353645,5928.596832183462,COX2&ATP6&8,GCA,C>G,2,3.0,0.00020935944604715264,0.7500000000000001
T[T>C]T,69,8.0,8.625,0.003362042570813065,8782.549431892387,COX3&ND3&4L,TTT,T>C,348,15.0,0.00904340726294065,0.3717672413793104
C[T>C]T,197,10.0,19.7,0.007679100132755638,8782.549431892387,COX3&ND3&4L,CTT,T>C,714,9.0,0.030924294950860267,0.24831932773109247
A[T>C]T,460,5.0,92.0,0.035861787422006026,8782.549431892387,COX3&ND3&4L,ATT,T>C,522,8.0,0.02543458292702058,1.4099616858237547
A[C>T]T,515,4.0,128.75,0.05018701228894865,8782.549431892387,COX3&ND3&4L,ACT,C>T,489,30.0,0.0063537732062901985,7.898773006134969
T[T>C]G,23,7.0,3.2857142857142856,0.0012807781222145009,8782.549431892387,COX3&ND3&4L,TTG,T>C,188,9.0,0.00814253144364388,0.15729483282674772
A[T>C]G,178,11.0,16.181818181818183,0.006307705692803432,8782.549431892387,COX3&ND3&4L,ATG,T>C,175,6.0,0.0113692260848751,0.5548051948051949
G[C>T]G,327,3.0,109.0,0.04248842205433323,8782.549431892387,COX3&ND3&4L,GCG,C>T,49,4.0,0.004775074955647542,8.89795918367347
T[T>C]C,55,4.0,13.75,0.005359778011441118,8782.549431892387,COX3&ND3&4L,TTC,T>C,52,7.0,0.002895672276311046,1.8509615384615383
G[T>C]C,153,5.0,30.6,0.011927942338188962,8782.549431892387,COX3&ND3&4L,GTC,T>C,69,3.0,0.008965446855501507,1.3304347826086957
C[T>C]C,156,7.0,22.285714285714285,0.008687016828933136,8782.549431892387,COX3&ND3&4L,CTC,T>C,170,3.0,0.022088782107757336,0.39327731092436974
A[T>C]C,90,7.0,12.857142857142858,0.005011740478230656,8782.549431892387,COX3&ND3&4L,ATC,T>C,219,5.0,0.017073329229172433,0.2935420743639922
G[C>T]C,146,4.0,36.5,0.014227774357643696,8782.549431892387,COX3&ND3&4L,GCC,C>T,66,10.0,0.0025726934454917364,5.530303030303031
C[T>G]A,18,18.0,1.0,0.0003898020371957177,8782.549431892387,COX3&ND3&4L,CTA,T>G,3,7.0,0.00016705801594102187,2.3333333333333335
T[T>C]A,140,27.0,5.185185185185185,0.00202119574842224,8782.549431892387,COX3&ND3&4L,TTA,T>C,348,14.0,0.009689364924579268,0.20859940400170288
C[T>C]A,370,27.0,13.703703703703704,0.0053417316208302056,8782.549431892387,COX3&ND3&4L,CTA,T>C,216,7.0,0.012028177147753574,0.4441015089163238
A[T>C]A,560,14.0,40.0,0.015592081487828707,8782.549431892387,COX3&ND3&4L,ATA,T>C,158,5.0,0.01231774437538468,1.2658227848101264
C[T>A]A,3,18.0,0.16666666666666666,6.496700619928627e-05,8782.549431892387,COX3&ND3&4L,CTA,T>A,5,7.0,0.00027843002656836977,0.2333333333333333
T[C>T]A,135,2.0,67.5,0.026311637510710945,8782.549431892387,COX3&ND3&4L,TCA,C>T,311,16.0,0.007576777097991763,3.472668810289389
G[C>T]A,784,4.0,196.0,0.07640119929036067,8782.549431892387,COX3&ND3&4L,GCA,C>T,6,3.0,0.0007796040743914354,98.0
C[C>T]A,376,4.0,94.0,0.03664139149639746,8782.549431892387,COX3&ND3&4L,CCA,C>T,191,16.0,0.00465326181902388,7.87434554973822
A[C>T]A,601,4.0,150.25,0.05856775608865658,8782.549431892387,COX3&ND3&4L,ACA,C>T,151,9.0,0.00654001195739482,8.955298013245033
