Mut,ObsNum,ExpNum,RawMutSpec,MutSpec
A[A>G]A,1,27.0,0.037037037037037035,0.0011886098291645538
A[A>G]C,3,22.0,0.13636363636363635,0.004376245280105858
A[A>G]G,2,26.0,0.07692307692307693,0.002468651183649458
A[A>G]T,3,15.0,0.2,0.006418493077488592
A[C>T]A,6,39.0,0.15384615384615385,0.004937302367298916
A[C>T]C,2,48.0,0.041666666666666664,0.0013371860578101232
A[C>T]G,3,28.0,0.10714285714285714,0.003438478434368888
A[C>T]T,4,75.0,0.05333333333333334,0.0017115981539969577
A[G>A]A,1,1.0,1.0,0.03209246538744295
A[G>A]C,6,5.0,1.2,0.03851095846493155
A[G>A]G,4,3.0,1.3333333333333333,0.04278995384992394
A[G>A]T,8,6.0,1.3333333333333333,0.04278995384992394
A[T>C]A,4,14.0,0.2857142857142857,0.009169275824983702
A[T>C]C,8,11.0,0.7272727272727273,0.02333997482723124
A[T>C]G,3,15.0,0.2,0.006418493077488592
A[T>C]T,7,21.0,0.3333333333333333,0.010697488462480986
C[A>C]C,7,31.0,0.22580645161290322,0.007246685732648409
C[A>G]A,1,31.0,0.03225806451612903,0.0010352408189497728
C[A>G]C,2,31.0,0.06451612903225806,0.0020704816378995456
C[A>T]A,1,31.0,0.03225806451612903,0.0010352408189497728
C[A>T]G,1,35.0,0.02857142857142857,0.0009169275824983702
C[C>A]A,1,52.0,0.019230769230769232,0.0006171627959123645
C[C>A]G,2,34.0,0.058823529411764705,0.0018877920816142916
C[C>T]A,8,52.0,0.15384615384615385,0.004937302367298916
C[C>T]C,8,63.0,0.12698412698412698,0.004075233699992756
C[C>T]G,4,34.0,0.11764705882352941,0.0037755841632285832
C[C>T]T,2,109.0,0.01834862385321101,0.0005888525759163845
C[G>A]A,4,2.0,2.0,0.0641849307748859
C[G>A]C,4,5.0,0.8,0.025673972309954367
C[G>A]G,11,4.0,2.75,0.08825427981546813
C[G>A]T,1,2.0,0.5,0.016046232693721477
C[G>C]T,1,2.0,0.5,0.016046232693721477
C[T>A]A,1,31.0,0.03225806451612903,0.0010352408189497728
C[T>C]A,5,31.0,0.16129032258064516,0.0051762040947488635
C[T>C]C,11,14.0,0.7857142857142857,0.02521550851870518
C[T>C]G,6,17.0,0.35294117647058826,0.01132675248968575
C[T>C]T,11,26.0,0.4230769230769231,0.01357758151007202
G[A>G]A,2,18.0,0.1111111111111111,0.0035658294874936617
G[A>G]C,2,19.0,0.10526315789473684,0.0033781542513097846
G[A>G]G,5,28.0,0.17857142857142858,0.005730797390614814
G[A>G]T,4,15.0,0.26666666666666666,0.008557990769984787
G[A>T]G,1,16.0,0.0625,0.0020057790867151846
G[A>T]T,1,6.0,0.16666666666666666,0.005348744231240493
G[C>A]G,1,7.0,0.14285714285714285,0.004584637912491851
G[C>T]A,4,14.0,0.2857142857142857,0.009169275824983702
G[C>T]C,2,21.0,0.09523809523809523,0.0030564252749945672
G[C>T]T,2,25.0,0.08,0.0025673972309954367
G[G>A]A,2,2.0,1.0,0.03209246538744295
G[G>A]C,9,6.0,1.5,0.04813869808116444
G[G>A]G,7,3.0,2.3333333333333335,0.07488241923736691
G[G>A]T,2,3.0,0.6666666666666666,0.02139497692496197
G[T>C]C,15,7.0,2.142857142857143,0.06876956868737776
T[A>G]A,3,83.0,0.03614457831325301,0.0011599686284617936
T[A>G]C,7,48.0,0.14583333333333334,0.004680151202335432
T[A>G]G,3,73.0,0.0410958904109589,0.0013188684405798475
T[A>G]T,4,48.0,0.08333333333333333,0.0026743721156202464
T[A>T]A,2,43.0,0.046511627906976744,0.001492672808718277
T[C>A]A,2,19.0,0.10526315789473684,0.0033781542513097846
T[C>A]C,1,33.0,0.030303030303030304,0.000972498951134635
T[C>T]A,9,65.0,0.13846153846153847,0.004443572130569025
T[C>T]C,4,60.0,0.06666666666666667,0.002139497692496197
T[C>T]G,3,32.0,0.09375,0.0030086686300727773
T[C>T]T,4,67.0,0.05970149253731343,0.0019159680828324153
T[G>A]A,13,12.0,1.0833333333333333,0.034766837503063204
T[G>A]C,14,16.0,0.875,0.028080907214012588
T[G>A]G,11,12.0,0.9166666666666666,0.02941809327182271
T[G>A]T,6,8.0,0.75,0.02406934904058222
T[T>C]A,13,40.0,0.325,0.010430051250918962
T[T>C]C,10,31.0,0.3225806451612903,0.010352408189497727
T[T>C]G,9,26.0,0.34615384615384615,0.011108930326422562
T[T>C]T,4,26.0,0.15384615384615385,0.004937302367298916
C[A>C]G,0,35.0,0.0,0.0
A[C>A]A,0,,0.0,0.0
C[G>C]G,0,4.0,0.0,0.0
T[T>G]T,0,8.0,0.0,0.0
A[C>A]T,0,,0.0,0.0
C[T>A]T,0,10.0,0.0,0.0
A[G>C]T,0,,0.0,0.0
T[G>T]C,0,9.0,0.0,0.0
T[A>T]C,0,28.0,0.0,0.0
G[C>A]A,0,12.0,0.0,0.0
G[A>C]A,0,13.0,0.0,0.0
C[T>A]C,0,14.0,0.0,0.0
G[G>T]C,0,2.0,0.0,0.0
C[C>G]G,0,34.0,0.0,0.0
C[T>A]G,0,17.0,0.0,0.0
T[C>G]G,0,6.0,0.0,0.0
T[C>G]T,0,17.0,0.0,0.0
A[G>C]A,0,,0.0,0.0
G[C>G]A,0,12.0,0.0,0.0
G[T>A]C,0,5.0,0.0,0.0
T[T>A]A,0,13.0,0.0,0.0
G[T>G]G,0,3.0,0.0,0.0
C[T>G]C,0,14.0,0.0,0.0
G[G>T]T,0,2.0,0.0,0.0
A[T>A]G,0,,0.0,0.0
A[G>T]T,0,,0.0,0.0
T[C>G]A,0,19.0,0.0,0.0
G[T>A]A,0,3.0,0.0,0.0
T[G>C]C,0,9.0,0.0,0.0
A[C>A]C,0,,0.0,0.0
C[T>G]A,0,31.0,0.0,0.0
A[A>T]A,0,,0.0,0.0
C[T>G]G,0,17.0,0.0,0.0
C[G>T]A,0,2.0,0.0,0.0
C[A>C]A,0,31.0,0.0,0.0
A[T>A]A,0,,0.0,0.0
C[C>A]C,0,63.0,0.0,0.0
A[T>G]A,0,,0.0,0.0
A[A>T]T,0,,0.0,0.0
T[T>G]C,0,9.0,0.0,0.0
G[G>C]T,0,2.0,0.0,0.0
G[C>T]G,0,10.0,0.0,0.0
A[A>T]C,0,,0.0,0.0
G[G>C]A,0,2.0,0.0,0.0
G[T>G]A,0,3.0,0.0,0.0
T[A>T]G,0,48.0,0.0,0.0
T[G>T]A,0,4.0,0.0,0.0
A[G>C]C,0,,0.0,0.0
T[G>T]T,0,5.0,0.0,0.0
A[A>C]T,0,,0.0,0.0
A[A>C]G,0,,0.0,0.0
T[A>C]G,0,48.0,0.0,0.0
G[C>A]T,0,16.0,0.0,0.0
A[T>G]C,0,,0.0,0.0
G[G>T]G,0,3.0,0.0,0.0
G[T>A]T,0,3.0,0.0,0.0
T[A>T]T,0,31.0,0.0,0.0
C[G>T]G,0,4.0,0.0,0.0
G[A>T]A,0,13.0,0.0,0.0
A[C>G]A,0,,0.0,0.0
C[C>G]C,0,63.0,0.0,0.0
C[T>G]T,0,10.0,0.0,0.0
A[C>G]G,0,,0.0,0.0
G[C>G]C,0,14.0,0.0,0.0
C[C>A]T,0,39.0,0.0,0.0
C[C>G]A,0,52.0,0.0,0.0
G[G>C]G,0,3.0,0.0,0.0
T[G>T]G,0,8.0,0.0,0.0
T[A>C]A,0,43.0,0.0,0.0
A[G>T]A,0,,0.0,0.0
A[G>T]G,0,,0.0,0.0
C[G>T]T,0,2.0,0.0,0.0
G[T>C]T,0,4.0,0.0,0.0
G[G>C]C,0,2.0,0.0,0.0
T[C>A]T,0,17.0,0.0,0.0
G[C>A]C,0,14.0,0.0,0.0
A[G>T]C,0,,0.0,0.0
A[C>G]C,0,,0.0,0.0
T[T>A]G,0,3.0,0.0,0.0
C[A>T]T,0,30.0,0.0,0.0
T[T>A]T,0,8.0,0.0,0.0
T[T>G]G,0,3.0,0.0,0.0
A[G>C]G,0,,0.0,0.0
C[G>T]C,0,5.0,0.0,0.0
C[A>G]T,0,30.0,0.0,0.0
G[A>T]C,0,9.0,0.0,0.0
T[C>G]C,0,33.0,0.0,0.0
G[A>C]G,0,16.0,0.0,0.0
A[A>C]C,0,,0.0,0.0
G[T>G]T,0,3.0,0.0,0.0
G[A>C]T,0,6.0,0.0,0.0
A[T>G]T,0,,0.0,0.0
T[G>C]A,0,4.0,0.0,0.0
A[C>A]G,0,,0.0,0.0
A[A>C]A,0,,0.0,0.0
C[C>G]T,0,39.0,0.0,0.0
A[A>T]G,0,,0.0,0.0
G[C>G]T,0,16.0,0.0,0.0
G[T>G]C,0,5.0,0.0,0.0
T[A>C]C,0,28.0,0.0,0.0
G[G>T]A,0,2.0,0.0,0.0
A[C>G]T,0,,0.0,0.0
C[G>C]A,0,2.0,0.0,0.0
C[A>G]G,0,35.0,0.0,0.0
T[C>A]G,0,6.0,0.0,0.0
C[A>T]C,0,31.0,0.0,0.0
A[T>A]C,0,,0.0,0.0
T[A>C]T,0,31.0,0.0,0.0
C[G>C]C,0,5.0,0.0,0.0
T[T>G]A,0,13.0,0.0,0.0
C[A>C]T,0,30.0,0.0,0.0
G[T>C]A,0,3.0,0.0,0.0
G[T>A]G,0,3.0,0.0,0.0
G[A>C]C,0,9.0,0.0,0.0
A[T>A]T,0,,0.0,0.0
T[T>A]C,0,9.0,0.0,0.0
G[T>C]G,0,4.0,0.0,0.0
G[C>G]G,0,7.0,0.0,0.0
A[T>G]G,0,,0.0,0.0
T[G>C]T,0,5.0,0.0,0.0
T[G>C]G,0,8.0,0.0,0.0
