tissue,A>C_gtex,A>C_tcga,A>G_gtex,A>G_tcga,A>T_gtex,A>T_tcga,C>A_gtex,C>A_tcga,C>G_gtex,C>G_tcga,C>T_gtex,C>T_tcga,G>A_gtex,G>A_tcga,G>C_gtex,G>C_tcga,G>T_gtex,G>T_tcga,T>A_gtex,T>A_tcga,T>C_gtex,T>C_tcga,T>G_gtex,T>G_tcga
Breast,6.25,0.83,6.25,5.28,6.25,0.83,0.00,1.94,0.00,0.28,0.00,7.50,31.25,36.11,0.00,1.94,25.00,0.28,0.00,0.56,25.00,43.89,0.00,0.56
CNS,0.00,6.54,16.67,5.23,0.00,0.00,0.00,1.96,0.00,0.00,16.67,6.54,33.33,36.60,0.00,0.65,0.00,0.65,0.00,0.65,33.33,40.52,0.00,0.65
Colon,0.00,2.83,25.00,4.72,0.00,2.83,0.00,0.00,0.00,0.00,0.00,17.92,41.67,50.00,0.00,1.89,0.00,0.00,0.00,0.94,33.33,18.87,0.00,0.00
Kidney,0.00,2.26,33.33,6.55,0.00,1.58,0.00,3.61,0.00,0.00,22.22,8.35,11.11,48.76,0.00,2.26,0.00,0.45,0.00,0.45,33.33,25.28,0.00,0.45
Liver,4.88,0.85,4.88,4.69,0.00,0.99,0.00,1.70,0.00,0.00,4.88,5.97,53.66,51.85,2.44,1.42,0.00,0.43,0.00,0.14,29.27,31.96,0.00,0.00
Lung,4.76,1.25,28.57,2.50,0.00,0.00,0.00,0.62,0.00,0.62,23.81,11.88,14.29,57.50,0.00,1.25,0.00,0.00,0.00,0.00,23.81,24.38,4.76,0.00
Ovary,0.00,0.86,32.14,5.58,0.00,0.86,0.00,0.86,0.00,0.00,21.43,5.15,14.29,44.21,0.00,2.15,0.00,0.86,0.00,0.00,32.14,39.48,0.00,0.00
Pancreas,0.00,0.20,20.00,5.26,10.00,0.61,10.00,2.43,0.00,0.20,0.00,8.91,40.00,50.61,0.00,2.02,0.00,0.61,0.00,0.00,20.00,28.95,0.00,0.20
Prostate,0.00,0.25,5.00,2.48,0.00,0.50,0.00,1.49,0.00,0.25,5.00,3.23,25.00,55.83,0.00,0.74,0.00,0.00,0.00,0.50,65.00,34.24,0.00,0.50
Skin,1.33,0.82,8.00,7.38,0.00,0.00,1.33,0.82,0.00,0.00,24.00,21.31,36.00,40.16,2.67,0.00,1.33,0.00,0.00,0.00,25.33,29.51,0.00,0.00
Stomach,0.00,1.79,0.00,3.57,0.00,0.89,0.00,1.79,0.00,0.00,0.00,15.18,50.00,49.11,0.00,0.00,0.00,0.89,0.00,0.00,50.00,26.79,0.00,0.00
Thyroid,5.66,4.08,13.21,3.06,1.89,0.00,0.00,0.00,0.00,1.02,7.55,2.04,33.96,41.84,1.89,1.02,0.00,0.00,1.89,0.00,30.19,46.94,3.77,0.00
Uterus,0.00,2.25,40.00,5.62,0.00,0.00,0.00,3.37,0.00,0.00,0.00,7.87,20.00,40.45,0.00,0.00,0.00,0.00,0.00,0.00,40.00,40.45,0.00,0.00
