Cxt,MutBase,T,R,Mut,Asymmetry,HGT_Asymmetry_log2
ACA,C>A,-0.171180616620867,-0.373509915331646,A[C>A]A,,
ACA,C>G,0.0650670150046199,0.0341467985371643,A[C>G]A,,
ACA,C>T,-0.0120150711130166,-0.0527441698537534,A[C>T]A,7.101135503406509,2.828049736469422
ACC,C>A,-0.0911674590260907,-0.285840269396167,A[C>A]C,,
ACC,C>G,0.0919905272573057,0.14478886901948,A[C>G]C,,
ACC,C>T,0.0285564476489864,-0.0695309682768877,A[C>T]C,7.808198757763974,2.9649897771824105
ACG,C>A,-0.127276633066354,-0.412693823924102,A[C>A]G,,
ACG,C>G,-0.0611655352918213,-0.126525706090932,A[C>G]G,,
ACG,C>T,0.0717473121568575,0.0123168851523529,A[C>T]G,29.1449203187251,4.865172552255321
ACT,C>A,-0.12979359431359,-0.327127967126776,A[C>A]T,,
ACT,C>G,0.189296902305892,0.342964014222604,A[C>G]T,,
ACT,C>T,-0.0880579758120442,-0.0745115941619381,A[C>T]T,10.92109982068141,3.4490462465613207
ATA,T>A,-0.249552312088885,-0.535320480174881,A[T>A]A,,
ATA,T>C,-0.320754210241182,-0.774054840247337,A[T>C]A,0.3039836567926456,-1.7179343333830257
ATA,T>G,-0.0748250995870763,-0.169555690816169,A[T>G]A,,
ATC,T>A,-0.221692396807219,-0.58010192057067,A[T>A]C,,
ATC,T>C,-0.287355081832517,-0.528320177552196,A[T>C]C,0.2615838247683235,-1.9346547614214253
ATC,T>G,-0.0570980496446736,-0.0616070900106045,A[T>G]C,,
ATG,T>A,-0.124665019569166,-0.374170277623039,A[T>A]G,,
ATG,T>C,-0.240529066007073,-0.645501084992459,A[T>C]G,1.0244091437427354,0.034792035413721834
ATG,T>G,-0.122212956556247,-0.290706659349723,A[T>G]G,,
ATT,T>A,-0.148733502438338,-0.302277767107189,A[T>A]T,,
ATT,T>C,-0.269914367864808,-0.639137408871791,A[T>C]T,0.6430396324445017,-0.6370204370089546
ATT,T>G,0.104083420138519,0.0529323232803316,A[T>G]T,,
CCA,C>A,-0.0649882584947004,-0.123515821591297,C[C>A]A,0.7517241379310344,-0.4117247652380082
CCA,C>G,0.0453600447552193,0.177033397893829,C[C>G]A,1.6515151515151514,0.7237902054184728
CCA,C>T,0.179856731776227,0.189606141839649,C[C>T]A,11.417597765363128,3.513187238008551
CCC,C>A,0.0102171714105406,-0.0364960588217413,C[C>A]C,9.133333333333333,3.191141487352008
CCC,C>G,0.101951864314564,0.355669467181728,C[C>G]C,,
CCC,C>T,0.180006384576249,0.0736860128380536,C[C>T]C,17.504379185986604,4.129643990633738
CCG,C>A,-0.0286112248511353,-0.209946995820842,C[C>A]G,6.996363636363636,2.8066052753580197
CCG,C>G,0.0678968607574639,0.141907208047338,C[C>G]G,10.4,3.37851162325373
CCG,C>T,0.176045226332483,0.122654582219437,C[C>T]G,9.50253807106599,3.2483129001270283
CCT,C>A,0.0149926996194431,-0.0455225284006108,C[C>A]T,,
CCT,C>G,0.171668963092531,0.455409006861467,C[C>G]T,,
CCT,C>T,0.115260514979305,0.158997547901791,C[C>T]T,15.411918524635288,3.945974559186191
CTA,T>A,-0.132353524396502,-0.148704902106852,C[T>A]A,0.1908344733242134,-2.38960628412325
CTA,T>C,-0.231695015688232,-0.436667530031229,C[T>C]A,0.6530576118442227,-0.6147178249293699
CTA,T>G,-0.0188494429138717,-0.0967430711938883,C[T>G]A,1.1162790697674418,0.15869774601905823
CTC,T>A,-0.116283363432943,-0.136097190235202,C[T>A]C,0.1904761904761905,-2.3923174227787602
CTC,T>C,-0.111300012726006,-0.0121432904653424,C[T>C]C,0.44990356005442506,-1.1523123119834204
CTC,T>G,-0.0319026612878849,0.0384678226559072,C[T>G]C,0.5647058823529412,-0.8244284354165456
CTG,T>A,-0.0332453923164464,-0.0879181939739077,C[T>A]G,0.2935340403694834,-1.7684002763065072
CTG,T>C,-0.172764874279581,-0.434414609432013,C[T>C]G,0.2222698991632697,-2.1696155098523904
CTG,T>G,-0.0274677265184096,-0.167524282403576,C[T>G]G,0.3531954306884841,-1.5014614160167974
CTT,T>A,0.0211877248181261,0.0786075243598436,C[T>A]T,,
CTT,T>C,-0.124052242580243,-0.369672334829368,C[T>C]T,0.3355303612605688,-1.5754847768725377
CTT,T>G,0.0622216140354709,0.205682715635519,C[T>G]T,,
GCA,C>A,-0.0789972618773349,-0.384292553969646,G[C>A]A,2.461538461538462,1.2995602818589083
GCA,C>G,0.0516913942725611,0.0529892845257433,G[C>G]A,4.8,2.263034405833794
GCA,C>T,0.0447329769658679,0.0541339437598733,G[C>T]A,6.1983030303030295,2.6318732889074363
GCC,C>A,-0.0429271820727586,-0.416384232679831,G[C>A]C,3.0,1.584962500721156
GCC,C>G,0.0345965555365434,0.0510148047502127,G[C>G]C,4.0,2.0
GCC,C>T,0.02109910324695,-0.122891627730085,G[C>T]C,10.147058823529411,3.3429897104151918
GCG,C>A,-0.0880881304744635,-0.565378838745949,G[C>A]G,7.238095238095238,2.8556100906648254
GCG,C>G,0.0303426840057191,0.0003090160530697,G[C>G]G,,
GCG,C>T,0.121937172039118,0.0281166406988828,G[C>T]G,40.9,5.354028938054387
GCT,C>A,-0.0556019661196304,-0.318662332264201,G[C>A]T,,
GCT,C>G,0.15159614044958,0.219442724801317,G[C>G]T,,
GCT,C>T,-0.138275392999906,-0.229139766281063,G[C>T]T,46.782519280205655,5.547897649078678
GTA,T>A,-0.166228101244725,-0.460628648498796,G[T>A]A,,
GTA,T>C,-0.2253334456232,-0.681666802311046,G[T>C]A,0.2965011577051711,-1.7538903570224968
GTA,T>G,-0.10031488519676,-0.209965862987989,G[T>G]A,2.4019607843137254,1.264212597031075
GTC,T>A,-0.113750293967523,-0.264028640151659,G[T>A]C,0.4605263157894737,-1.118644496498619
GTC,T>C,-0.207452054423443,-0.395647703957976,G[T>C]C,0.5637509266123055,-0.8268701952237706
GTC,T>G,0.0065258407166534,0.148370228055911,G[T>G]C,0.8218623481781376,-0.28303131439950147
GTG,T>A,-0.0729257374163324,-0.34083289833078,G[T>A]G,0.355,-1.4941090702700428
GTG,T>C,-0.193056481998052,-0.521704025493236,G[T>C]G,0.8561285500747382,-0.22410065733678622
GTG,T>G,-0.0538169109185766,-0.233960583703901,G[T>G]G,0.19705882352941176,-2.343301745679929
GTT,T>A,-0.0767178789442439,-0.264198079825454,G[T>A]T,,
GTT,T>C,-0.257487502826223,-0.695825131591979,G[T>C]T,1.4897460206576518,0.5750663937948017
GTT,T>G,-0.0299983615524546,-0.0211764114853316,G[T>G]T,,
TCA,C>A,0.0352498250059779,-0.0682385166373847,T[C>A]A,2.0952380952380953,1.067114195858537
TCA,C>G,0.170218320826265,0.354304390180807,T[C>G]A,4.4,2.137503523749935
TCA,C>T,0.22281587229317,0.32408833262529,T[C>T]A,5.480471628592483,2.454300051389024
TCC,C>A,0.0123548919660059,-0.0728859541444087,T[C>A]C,1.08843537414966,0.12225575005099808
TCC,C>G,0.195605998387444,0.46784282304859,T[C>G]C,8.205128205128204,3.036525876025114
TCC,C>T,0.24050956599661,0.205027111612298,T[C>T]C,19.74990990990991,4.303774167274691
TCG,C>A,-0.0212445622787191,-0.212112341923919,T[C>A]G,1.9199999999999997,0.9411063109464313
TCG,C>G,0.0828803309281004,0.237392375061479,T[C>G]G,32.0,5.0
TCG,C>T,0.237715069105182,0.108649952696883,T[C>T]G,9.362593383137673,3.2269082031807614
TCT,C>A,-0.126283086434946,-0.050313949395305,T[C>A]T,,
TCT,C>G,0.266169102127712,0.484632804367585,T[C>G]T,,
TCT,C>T,0.292315400173161,0.271689074529741,T[C>T]T,,
TTA,T>A,0.0524840752199843,-0.0536693334208911,T[T>A]A,0.35920177383592017,-1.4771336203707564
TTA,T>C,-0.179009897159096,-0.411317449016573,T[T>C]A,0.39469694098025093,-1.3411827569325656
TTA,T>G,0.094764787899424,0.0754552641305337,T[T>G]A,0.9878048780487806,-0.01770200173345882
TTC,T>A,-0.0416233228084335,-0.0668801224098175,T[T>A]C,0.2005012531328321,-2.3183168413349833
TTC,T>C,-0.0745843539001844,-0.135315928004996,T[T>C]C,0.7441112477532873,-0.42640976846813694
TTC,T>G,0.02180345040029,0.161241970951194,T[T>G]C,0.6593406593406593,-0.6009040445901778
TTG,T>A,0.0190625486547373,0.0527120530167414,T[T>A]G,0.4444444444444444,-1.1699250014423124
TTG,T>C,-0.128221100367657,-0.376438904779305,T[T>C]G,0.25952903996608473,-1.946032117109573
TTG,T>G,-0.0158913825383171,-0.0094255478617066,T[T>G]G,1.9777777777777779,0.9838803346367231
TTT,T>A,0.0370719972537365,-0.047516199089949,T[T>A]T,,
TTT,T>C,-0.154468976924332,-0.430283696856654,T[T>C]T,0.21429980276134125,-2.2222975727094196
TTT,T>G,0.0022155951371197,0.08053372944255,T[T>G]T,,
