Mut,ObsFr,ExpFr,RawMutSpec,MutSpec
A[A>G]A,157,13,12.076923076923077,0.0048458723560506735
A[A>G]C,422,5,84.4,0.033865548720119744
A[A>G]G,110,3,36.666666666666664,0.014712521165928798
A[A>G]T,240,5,48.0,0.01926002770812497
A[C>T]A,16,14,1.1428571428571428,0.0004585720882886898
A[C>T]C,101,14,7.214285714285714,0.0028947363073223544
A[C>T]T,482,19,25.36842105263158,0.010179093591355522
A[G>A]A,183,0,183.0,0.07342885563722645
A[G>A]C,467,3,155.66666666666666,0.06246133985898862
A[G>A]G,133,0,133.0,0.053366326774596275
A[G>A]T,232,0,232.0,0.09309013392260403
A[T>C]A,13,3,4.333333333333333,0.0017387525014279487
A[T>C]C,120,0,120.0,0.04815006927031243
A[T>C]T,555,10,55.5,0.0222694070375195
C[A>C]A,4,17,0.23529411764705882,9.441190053002437e-05
C[A>C]C,6,10,0.6,0.00024075034635156215
C[A>C]G,3,12,0.25,0.0001003126443131509
C[A>C]T,21,10,2.1,0.0008426262122304675
C[A>G]A,26,17,1.5294117647058822,0.0006136773534451584
C[A>G]C,277,10,27.7,0.01111464098989712
C[A>G]G,8,12,0.6666666666666666,0.00026750038483506903
C[A>G]T,169,10,16.9,0.006781134755569
C[A>T]A,3,17,0.17647058823529413,7.080892539751829e-05
C[A>T]C,2,10,0.2,8.025011545052072e-05
C[A>T]G,4,12,0.3333333333333333,0.00013375019241753451
C[A>T]T,8,10,0.8,0.0003210004618020829
C[C>A]A,4,15,0.26666666666666666,0.00010700015393402762
C[C>A]C,4,16,0.25,0.0001003126443131509
C[C>A]G,7,8,0.875,0.00035109425509602816
C[C>A]T,25,18,1.3888888888888888,0.0005572924684063939
C[C>G]A,6,15,0.4,0.00016050023090104145
C[C>T]A,67,15,4.466666666666667,0.0017922525783949628
C[C>T]C,75,16,4.6875,0.0018808620808715793
C[C>T]G,19,8,2.375,0.0009529701209749336
C[C>T]T,630,40,15.75,0.006319696591728506
C[G>A]A,30,0,30.0,0.012037517317578107
C[G>A]C,301,0,301.0,0.12077642375303368
C[G>A]G,6,1,6.0,0.0024075034635156214
C[G>A]T,170,1,170.0,0.06821259813294261
C[G>C]A,5,0,5.0,0.002006252886263018
C[G>T]A,8,0,8.0,0.0032100046180208288
C[G>T]C,6,0,6.0,0.0024075034635156214
C[T>A]A,2,5,0.4,0.00016050023090104145
C[T>A]C,1,2,0.5,0.0002006252886263018
C[T>A]G,3,0,3.0,0.0012037517317578107
C[T>A]T,7,3,2.3333333333333335,0.0009362513469227418
C[T>C]A,72,5,14.4,0.005778008312437492
C[T>C]C,94,2,47.0,0.01885877713087237
C[T>C]G,28,0,28.0,0.011235016163072901
C[T>C]T,700,9,77.77777777777777,0.031208378230758053
C[T>G]A,9,5,1.8,0.0007222510390546865
C[T>G]C,3,2,1.5,0.0006018758658789053
G[A>C]C,4,3,1.3333333333333333,0.0005350007696701381
G[A>G]A,5,6,0.8333333333333334,0.0003343754810438363
G[A>G]C,224,5,44.8,0.01797602586091664
G[A>G]G,78,8,9.75,0.003912193128212885
G[A>G]T,16,6,2.6666666666666665,0.0010700015393402761
G[C>A]C,2,3,0.6666666666666666,0.00026750038483506903
G[C>T]T,5,8,0.625,0.00025078161078287723
G[G>A]A,6,1,6.0,0.0024075034635156214
G[G>A]C,203,1,203.0,0.08145386718227852
G[G>A]G,87,2,43.5,0.017454400110488256
G[G>A]T,21,0,21.0,0.008426262122304675
G[T>C]T,2,0,2.0,0.0008025011545052072
T[A>C]A,3,12,0.25,0.0001003126443131509
T[A>C]C,11,3,3.6666666666666665,0.0014712521165928798
T[A>G]A,27,20,1.35,0.0005416882792910149
T[A>G]C,258,10,25.8,0.010352264893117172
T[A>G]G,24,14,1.7142857142857142,0.0006878581324330347
T[A>G]T,71,14,5.071428571428571,0.0020349136417810608
T[A>T]A,2,12,0.16666666666666666,6.687509620876726e-05
T[C>A]A,2,5,0.4,0.00016050023090104145
T[C>A]C,13,16,0.8125,0.0003260160940177404
T[C>T]A,49,21,2.3333333333333335,0.0009362513469227418
T[C>T]C,49,34,1.4411764705882353,0.0005782728907463993
T[C>T]G,56,8,7.0,0.0028087540407682253
T[C>T]T,76,19,4.0,0.0016050023090104144
T[G>A]A,29,3,9.666666666666666,0.003878755580108501
T[G>A]C,315,4,78.75,0.03159848295864253
T[G>A]G,27,0,27.0,0.010833765585820297
T[G>A]T,63,0,63.0,0.025278786366914024
T[T>C]A,46,8,5.75,0.002307190819202471
T[T>C]C,56,9,6.222222222222222,0.0024966702584606447
T[T>C]G,62,7,8.857142857142858,0.003553933684237346
T[T>C]T,79,4,19.75,0.00792469890073892
T[T>A]G,0,3,0.0,0.0
T[C>G]T,0,5,0.0,0.0
A[A>T]C,0,0,0.0,0.0
A[T>G]A,0,0,0.0,0.0
G[A>C]T,0,4,0.0,0.0
G[A>C]G,0,5,0.0,0.0
A[C>A]G,0,0,0.0,0.0
T[T>A]T,0,2,0.0,0.0
G[A>C]A,0,1,0.0,0.0
T[C>G]G,0,1,0.0,0.0
T[G>C]A,0,1,0.0,0.0
A[T>A]A,0,0,0.0,0.0
A[T>G]C,0,0,0.0,0.0
G[T>C]G,0,0,0.0,0.0
A[C>G]G,0,0,0.0,0.0
C[T>G]G,0,0,0.0,0.0
G[C>A]G,0,4,0.0,0.0
G[T>A]A,0,0,0.0,0.0
T[T>G]T,0,2,0.0,0.0
G[G>C]G,0,1,0.0,0.0
G[C>G]T,0,6,0.0,0.0
T[A>T]G,0,12,0.0,0.0
G[T>G]C,0,0,0.0,0.0
A[A>T]T,0,0,0.0,0.0
C[C>G]G,0,8,0.0,0.0
G[T>A]C,0,0,0.0,0.0
C[G>T]G,0,1,0.0,0.0
A[G>T]T,0,0,0.0,0.0
G[T>A]T,0,0,0.0,0.0
A[G>C]C,0,0,0.0,0.0
C[G>C]C,0,0,0.0,0.0
A[G>T]G,0,0,0.0,0.0
A[G>T]C,0,0,0.0,0.0
G[C>G]A,0,3,0.0,0.0
G[T>G]T,0,0,0.0,0.0
G[A>T]C,0,3,0.0,0.0
T[T>A]C,0,4,0.0,0.0
C[G>C]G,0,1,0.0,0.0
A[G>C]G,0,0,0.0,0.0
T[G>C]T,0,0,0.0,0.0
T[A>T]T,0,10,0.0,0.0
T[T>G]C,0,4,0.0,0.0
G[C>G]C,0,3,0.0,0.0
G[A>T]A,0,1,0.0,0.0
T[G>C]G,0,0,0.0,0.0
A[G>T]A,0,0,0.0,0.0
A[T>A]T,0,0,0.0,0.0
A[C>A]T,0,0,0.0,0.0
G[C>T]A,0,4,0.0,0.0
A[A>T]A,0,0,0.0,0.0
G[A>T]T,0,4,0.0,0.0
T[A>T]C,0,3,0.0,0.0
A[T>G]T,0,0,0.0,0.0
T[G>T]T,0,0,0.0,0.0
A[T>A]C,0,0,0.0,0.0
G[T>C]C,0,1,0.0,0.0
C[C>G]T,0,18,0.0,0.0
T[C>G]C,0,16,0.0,0.0
G[C>T]C,0,6,0.0,0.0
C[G>T]T,0,1,0.0,0.0
A[G>C]A,0,0,0.0,0.0
G[G>T]A,0,1,0.0,0.0
T[C>A]G,0,1,0.0,0.0
G[C>G]G,0,4,0.0,0.0
A[T>G]G,0,0,0.0,0.0
T[G>T]C,0,1,0.0,0.0
A[C>G]T,0,0,0.0,0.0
T[G>C]C,0,1,0.0,0.0
G[T>C]A,0,0,0.0,0.0
A[C>G]A,0,0,0.0,0.0
G[C>T]G,0,4,0.0,0.0
T[C>G]A,0,5,0.0,0.0
G[G>C]A,0,1,0.0,0.0
T[C>A]T,0,5,0.0,0.0
T[A>C]G,0,12,0.0,0.0
A[C>A]A,0,0,0.0,0.0
T[T>A]A,0,0,0.0,0.0
G[C>A]T,0,6,0.0,0.0
A[G>C]T,0,0,0.0,0.0
A[A>C]G,0,0,0.0,0.0
T[T>G]A,0,0,0.0,0.0
A[A>C]C,0,0,0.0,0.0
A[C>A]C,0,0,0.0,0.0
G[T>G]A,0,0,0.0,0.0
G[T>A]G,0,0,0.0,0.0
A[A>T]G,0,0,0.0,0.0
G[G>C]C,0,1,0.0,0.0
T[T>G]G,0,3,0.0,0.0
A[T>A]G,0,0,0.0,0.0
A[A>C]T,0,0,0.0,0.0
C[G>C]T,0,1,0.0,0.0
G[G>T]T,0,0,0.0,0.0
A[T>C]G,0,3,0.0,0.0
G[T>G]G,0,0,0.0,0.0
G[G>T]C,0,1,0.0,0.0
A[A>C]A,0,0,0.0,0.0
A[C>T]G,0,6,0.0,0.0
A[C>G]C,0,0,0.0,0.0
C[T>G]T,0,3,0.0,0.0
G[C>A]A,0,3,0.0,0.0
C[C>G]C,0,16,0.0,0.0
G[A>T]G,0,5,0.0,0.0
T[G>T]A,0,1,0.0,0.0
T[A>C]T,0,10,0.0,0.0
T[G>T]G,0,0,0.0,0.0
G[G>C]T,0,0,0.0,0.0
G[G>T]G,0,1,0.0,0.0
